Шифра,Артикал,Продажна Цена,Единична Цена,Опис,Достапност,Редовна Цена,ДДВ,Последно ажурирање
1,ЛЕБ,28,бр.            ,,Има,28,5,11/4/2025 14:25
2,Сол тузла,38,бр.            ,,Има,38,5,
3,"Шекер 0,900",46,бр.            ,,Има,46,5,
4,ЕКО ЗАЧИН 500Г,70,бр.            ,,Има,70,10,
5,АРКО ПЕНА 200МЛ 1+1,162,бр.            ,,Има,162,18,
6,АЛВА БЛАГОЈ Г 450 ГР,127,бр.            ,,Има,127,5,
7,КУРКУМА,37,бр.            ,,Има,37,10,
8,ЈАЈЦА М 1/30,6.3,бр.            ,,Има,6.3,5,
9,ПЕЛЕНИ ЕЛАН 9-18,177,бр.            ,,Има,177,5,
10,ПЕЛЕНИ ЕЛАН 14-22,140,бр.            ,,Има,140,5,
11,ПЕЛЕНИ ЕЛАН 11-25,200,бр.            ,,Има,200,5,
12,МЕРИКС 2 КГ,142,бр.            ,,Има,142,18,
13,ПЕЧУРКИ 600,57,бр.            ,,Има,57,5,
14,ПЕЛЕНИ ЕЛАН 3КЛ,90,бр.            ,,Има,90,5,
15,БОЈА ЗА КОСА ФЛИРТ 1 +1,150,бр.            ,,Има,150,18,
16,ЧЕТКИ ЗА ЗАБИ КОЛГЕЈТ ,32,бр.            ,,Има,32,18,
17,СЛАМКИ 100/1,30,бр.            ,,Има,30,18,
18,ПЕРФЕКС 24/3 ЦРВЕН,216,бр.            ,,Има,216,18,
19,БРИЛИЈАНТ,93,бр.            ,,Има,93,5,
20,"ЦВЕТ БАНАТ,СУНЦЕ И БИМАЛ",97,бр.            ,,Има,97,5,
21,ЛЕБ ФРИПЕК И ФРАНЦУСКИ,28,бр.            ,,Има,28,5,
22,АЛПИ и МИЛК,64,бр.            ,,Има,64,5,
23,"ПИНГО 0,2",15,бр.            ,,Има,15,18,
24,СПИН 920 МЛ,85,бр.            ,,Има,85,18,
25,ГОРСКА 6Л,60,бр.            ,,Има,60,18,
26,КОРПА,30,бр.            ,,Има,30,18,
27,ДОВЕ КРЕМА 75 МЛ,84,бр.            ,,Има,84,18,
28,ВИРШЛА 500ГР ТИМКО,100,бр.            ,,Има,100,5,
29,ШАМПОН ВОШ И ГО 750 МЛ,220,бр.            ,,Има,220,18,
30,МАЈОНЕЗ ДИЈАМАНТ 285 ГР,72,бр.            ,,Има,72,5,
31,ФЕРИ 650 МЛ,112,бр.            ,,Има,112,18,
32,"ГОРА ГАЗИРАН 1,5 Л",40,бр.            ,,Има,40,18,
33,ДЕДО МРАЗ 40 ГР,43,бр.            ,,Има,43,5,
34,ЧИПС ЧИПСИ 140 ГР,99,бр.            ,,Има,99,10,
35,"ЛЕДЕН ЧАЈ 1,5Л",40,бр.            ,,Има,40,18,
36,ЛАКИ ГРИЦ  120 ГР,31,бр.            ,,Има,31,5,
37,"ЛЕДЕН ЧАЈ ЕВИНА 0,5",20,бр.            ,,Има,20,18,
38,"САНО ЏУС 1,5 Л",83,бр.            ,,Има,83,18,
39,БУРГЕР ЛЕПЧЕ ФРИ ПЕК,80,бр.            ,,Има,80,5,
40,"САНО ГАЗИРАН 1,5 Л",43,бр.            ,,Има,43,18,
41,САНО СИРУП,120,бр.            ,,Има,120,5,
42,БАНАТ ЧОКОЛАДЦА 150ГР КЕСЕ,88,бр.            ,,Има,88,5,
43,"САНО ЏУС 0,5",36,бр.            ,,Има,36,18,
44,"КНАЗ МИЛОШ 0,5",20,бр.            ,,Има,20,18,
45,БАДЕМ 200 ГР,126,бр.            ,,Има,126,5,
46,"БОЖИЦА 1,5 Л",22,бр.            ,,Има,22,18,
47,"БОЖИЦА 0,5",15,бр.            ,,Има,15,18,
48,"ПЕПСИ 1,75",61,бр.            ,,Има,61,18,
49,МИРИНДА ДУО ПАК,105,бр.            ,,Има,105,18,
50,"ХОПЛА 0,2",52,бр.            ,,Има,52,10,
51,ЛИМОНОВ СОК,25,бр.            ,,Има,25,5,
52,"МАСЛИНКА 0,9 ЛИМЕНКА",110,бр.            ,,Има,110,5,
53,ПЕЦИВО ПОДРАВКА,5,бр.            ,,Има,5,5,
54,ЖЕЛЕ КОЦКИ 200 БГ,54,бр.            ,,Има,54,5,
55,ЧАЧКАЛИЦИ 300БР,20,бр.            ,,Има,20,18,
56,ШУНКА АГРИКО 120 ГР,33,бр.            ,,Има,33,5,
57,"КОЖУВЧАНКА 1,5 Л",30,бр.            ,,Има,30,18,
58,"КОЖУВЧАНКА 1,5 Л ЛИМОН",30,бр.            ,,Има,30,18,
59,КАПУЧИНО ГОЛД 100 ГР,80,бр.            ,,Има,80,10,
60,КАФЕ Ц 100 ГР,67,бр.            ,,Има,67,18,
61,КАФЕ Ц 200,133,бр.            ,,Има,133,18,
62,КАФЕ ГРАНД 100 ГР ГОЛД,79,бр.            ,,Има,79,18,
63,КАФЕ ГРАНД 200 ГР ГОЛД,152,бр.            ,,Има,152,18,
64,НАРЕЗАК МЕЏИК 130ГР,32,бр.            ,,Има,32,5,
65,НАРЕЗАК ДЕ ГУСТО 130 ГР,26,бр.            ,,Има,26,5,
66,ПЕРФЕКС БРИШАЧИ ЏАМБО,138,бр.            ,,Има,138,18,
67,ПЕРФЕКС БРИШАЧИ 2/2,35,бр.            ,,Има,35,18,
68,КРПИ 3/1,43,бр.            ,,Има,43,18,
69,САЛФЕТИ ЛЕДА 40БР,12,бр.            ,,Има,12,18,
70,"СИНАЛКО 1,5 Л",60,бр.            ,,Има,60,18,
71,БИС ОСВЕЖУВАЧ,230,бр.            ,,Има,230,18,
72,БОНБОНИ РЕФУС,2,бр.            ,,Има,2,10,
73,КАФЕ  ЕЛИТ СЕТ СО ФИЛЏАН,99,бр.            ,,Има,99,18,
74,КАФЕ РИВАЛ,37,бр.            ,,Има,37,18,
75,КАФЕ ЕЛИТ 200 ГР ЗЕЛЕНО,121,бр.            ,,Има,121,18,
76,ХОПЛА САНИА 1Л,174,бр.            ,,Има,174,5,
77,ТОАЛЕТ ЛЕДА,9,бр.            ,,Има,9,18,
78,САЛФЕТИ СОФТ ,55,бр.            ,,Има,55,18,
79,ХРАНА ЗА КУЧЕ И МАЧЕ 2КГ,235,бр.            ,,Има,235,18,
80,СТРЕЧ ФОЛИЈА,42,бр.            ,,Има,42,18,
81,ЧАШИ ПЛАСТИЧНИ,1,бр.            ,,Има,1,18,
82,ЧАШИ ПЛАСТИЧНИ 1/100,55,бр.            ,,Има,55,18,
83,ХАРТИЈА ЗА ПЕЧЕЊЕ,55,бр.            ,,Има,55,18,
84,МИНИ МИКС,6,бр.            ,,Има,6,5,
85,АКВА ФРЕШ 125 МЛ,93,бр.            ,,Има,93,18,
86,ФИДЕ СЕНТЕЛА,35,бр.            ,,Има,35,5,
87,ЛАБЕЛО,90,бр.            ,,Има,90,18,
88,НЕС КАФЕ 3 ВО 1,13,бр.            ,,Има,13,10,
89,АЛУМИНИУМСКА ФОЛ 10 М,60,бр.            ,,Има,60,18,
90,"ИЗВОРСКА 1,5 Л",30,бр.            ,,Има,30,18,
91,"БИТОЛСКО МЛЕКО 2,8",74,бр.            ,,Има,74,5,
92,ПАВЛАКА ЗА ГОТВЕЊЕ ПОЛИМАРК ,80,бр.            ,,Има,80,5,
93,ИНКАФЕ 100ГР ГОЛД,168,бр.            ,,Има,168,10,
94,КАФЕ ЕЛИТ 100 ГР ЗЕЛЕНО,61,бр.            ,,Има,61,18,
95,МАКАРОНИ СЕНТЕЛА,30,бр.            ,,Има,30,5,
96,ЈАЈЦА Л,6.83,бр.            ,,Има,6.83,5,
97,ЈАЈЦА M СО КАСЕТКИ,205,бр.            ,,Има,205,5,
98,ЈАЈЦА Л 10/1,74,бр.            ,,Има,74,5,
99,КРОАСАН КОРНЕР,14,бр.            ,,Има,14,5,
100,КЕСА БИОРАЗГРАДЛИВА,5,бр.            ,,Има,5,18,
101,ЕУРОДЕСЕРТ 150 ГР,82,бр.            ,,Има,82,5,
102,СИНТАГМА ЛЕШНИК 100 ГР,60,бр.            ,,Има,60,5,
103,БРАВО ПРЕМИУМ 200 ГР,143,бр.            ,,Има,143,18,
104,ИШЛЕРИ ,28,бр.            ,,Има,28,5,
105,БРАВО ПРЕМИУМ 100 ГР,71,бр.            ,,Има,71,18,
106,ФЛИПС 20 ГР,8,бр.            ,,Има,8,5,
107,РЕСАНА КОРПИЦА,32,бр.            ,,Има,32,5,
108,СОЛЕНКИ 90 ГР СЛ,11,бр.            ,,Има,11,5,
109,БОНБОНИ ЧОКО МИНТ 800ГР,216,бр.            ,,Има,216,10,
110,ТУТКУ 25ГР,5,бр.            ,,Има,5,5,
111,ЕУРОКРЕМ БЛОК 20 ГР,8,бр.            ,,Има,8,5,
112,АТЛАНТИС 200 ГР,200,бр.            ,,Има,200,10,
113,ПЛАЗМА 300 ГР,137,бр.            ,,Има,137,5,
114,СТОБИ ФЛИПС 40 ГР,17,бр.            ,,Има,17,10,
115,ПЕРФЕКС 8+2 ЗЕЛЕН,67,бр.            ,,Има,67,18,
116,ПЕРФЕКС 8+2 ЦРВЕН,88,бр.            ,,Има,88,18,
117,ТАКОВО 1Л,55,бр.            ,,Има,55,18,
118,ИНКАФЕ ПРЕМИУМ 200 ГР,300,бр.            ,,Има,300,10,
119,ИНКАФЕ МИЛД 200,140,бр.            ,,Има,140,10,
120,ЧАЈ МАЈЧИНА ДУШИЧКА АЛКАЛ,72,бр.            ,,Има,72,18,
121,ЧАЈ АЛКАЛАКС,92,бр.            ,,Има,92,5,
122,ЧОКО КЕКСИЧИ ,71,бр.            ,,Има,71,5,
123,КЕКСИЧИ 220 ГР,40,бр.            ,,Има,40,5,
124,ЗЛАТЕН ПЕК 750 ГР,84,бр.            ,,Има,84,5,
125,ТУНА БАДУКО 170 ГР,88,бр.            ,,Има,88,5,
126,УРДА БУЧЕН КОЗЈАК 1 КГ,120,бр.            ,,Има,120,5,
127,ШПАГЕТИ СЕНТЕЛА,35,бр.            ,,Има,35,5,
128,ИЗВОРСКА 6/1,150,бр.            ,,Има,150,18,
129,САРДИНА БАДУКО 125 ГР,50,бр.            ,,Има,50,5,
130,МОНИ 150 ГР,60,бр.            ,,Има,60,5,
131,РИСКО 75ГР,30,бр.            ,,Има,30,5,
132,ПАШТЕТА  ПЕКАБЕСКО 130ГР ПИЛЕШКА,20,бр.            ,,Има,20,5,
133,ПИОНИР ЛЕШНИК 100,40,бр.            ,,Има,40,5,
134,ГАЛЕ Б 80ГР МЛЕЧНО,27,бр.            ,,Има,27,5,
135,"СИНАЛКО 0,5",30,бр.            ,,Има,30,18,
136,ОЦЕТ 1 Л,40,бр.            ,,Има,40,5,
137,СОЛ ЕВРО,17,бр.            ,,Има,17,5,
138,ВЕРОНА 375 ГР,86,бр.            ,,Има,86,5,
139,КАРОЛИНА 340 ГР,47,бр.            ,,Има,47,5,
140,ЛУШ,16,бр.            ,,Има,16,10,
141,НЕС КАФЕ КЛАСИК 2 ГР,10,бр.            ,,Има,10,10,
142,СТОБИ ФЛИПС 85 ГР,28,бр.            ,,Има,28,10,
143,ДАФИНКА 120 ГР,32,бр.            ,,Има,32,10,
144,ДАФИНКА 250ГР ,61,бр.            ,,Има,61,10,
145,ЗАЧИНАЛ 250 ГР,79,бр.            ,,Има,79,10,
146,ЕКО ЗАЧИН 3+1,69,бр.            ,,Има,69,10,
147,ВЕРОНА 30 ГР,5,бр.            ,,Има,5,5,
148,ВАНИЛА ВИТАМИНКА,3,бр.            ,,Има,3,5,
149,СУПА ТАКОВО,19,бр.            ,,Има,19,5,
150,ПУДИНГ ВИТАМИНКА,13,бр.            ,,Има,13,5,
151,СУПА ПЕТЕЛ ПОДРАВКА,35,бр.            ,,Има,35,5,
152,СУПА АЛПСКА ПОДРАВКА,44,бр.            ,,Има,44,5,
153,САРДИНА ТИМКО,50,бр.            ,,Има,50,5,
154,САРДИНА МИРЕЛА,52,бр.            ,,Има,52,5,
155,ЧЕПКАЛКИ СЕПТОНА 200+100,45,бр.            ,,Има,45,18,
156,ТУНА МЕЏИК 185 ГР ЖОЛТА,79,бр.            ,,Има,79,5,
157,СВИНСКА МАСТ 1КГ,87,бр.            ,,Има,87,5,
158,НИВЕА КРЕМА 150 МЛ,188,бр.            ,,Има,188,18,
159,КРЕМ ЛУНА 400 ГР,126,бр.            ,,Има,126,10,
160,АЛУМИНИУМСКА 30М,103,бр.            ,,Има,103,18,
161,НАШ ЗАЧИН 450 ГР,38,бр.            ,,Има,38,5,
162,КУБЕТИ,20,бр.            ,,Има,20,5,
163,БРУСКЕТИ,36,бр.            ,,Има,36,5,
164,ПЕЗ ФИГУРИ,110,бр.            ,,Има,110,10,
165,ЗАПАЛКИ,10,бр.            ,,Има,10,18,
166,ЧОКОЛАДО ЗА ГОТВЕЊЕ СЛ,39,бр.            ,,Има,39,5,
167,КЕЧАП МИРАНА 500 МЛ,60,бр.            ,,Има,60,5,
168,ПЕТИТ ВИКИ 400 ГР,60,бр.            ,,Има,60,5,
169,ПЕЦИВО,3,бр.            ,,Има,3,5,
170,ВАНИЛА,3,бр.            ,,Има,3,10,
171,БИБЕР МЕЛЕН МАКС,6,бр.            ,,Има,6,5,
172,СОДА БИКАРБОНА ,3,бр.            ,,Има,3,18,
173,ЛИМОНТУС,5,бр.            ,,Има,5,18,
174,ЕУРОВАФЕЛ ПЛУС 40/1,260,бр.            ,,Има,260,5,
175,КОКОС,20,бр.            ,,Има,20,10,
176,СУСАМ,28,бр.            ,,Има,28,10,
177,КЕЧАП МИРАНА 1 Л,97,бр.            ,,Има,97,5,
178,КЕЧАП 300 МЛ ВИТАМИНКА ,40,бр.            ,,Има,40,5,
179,КЕЧАП 1 Л ВИТАМИНКА,110,бр.            ,,Има,110,5,
180,ПУТЕР 200 ГР,116,бр.            ,,Има,116,5,
181,ПЛИНСКИ БОЦИ,40,бр.            ,,Има,40,18,
182,КАФЕ ВИП 90 ГР,40,бр.            ,,Има,40,18,
183,СЛАДОЛЕД 3+ЛАЖИЦА,68,бр.            ,,Има,68,5,
184,БОЈА ЗА ЈАЈЦА,10,бр.            ,,Има,10,18,
185,МАЈОНЕЗ ВИТАНЕЗ 620 ГР,146,бр.            ,,Има,146,10,
186,МАЈОНЕЗ ПЕКАБЕСКО 630 ГР,133,бр.            ,,Има,133,10,
187,ГРАВ 300 ГР КОЛБАС ТАКОВО,95,бр.            ,,Има,95,5,
188,КЕЧАП 500ГР ВИТАМИНКА,71,бр.            ,,Има,71,5,
189,ЦРВЕН ПИПЕР,36,бр.            ,,Има,36,5,
190,БИК БИК 3,36,бр.            ,,Има,36,18,
191,КВИКЕРСИ 200ГР СЛ,35,бр.            ,,Има,35,5,
192,ОРБИТ БОНБОНИ,50,бр.            ,,Има,50,5,
193,ОРИЗ 900 БЕЛО ЗЛАТО,85,бр.            ,,Има,85,5,
194,"ТЕО ТЕЧЕН САПУН 0,900 МЛ",94,бр.            ,,Има,94,18,
195,ТЕО ТЕЧЕН САПУН ПУМПА,65,бр.            ,,Има,65,18,
196,РУБИ 30ГР,8,бр.            ,,Има,8,5,
197,РУМ ДЕСЕРТ,5,бр.            ,,Има,5,5,
198,ПУТЕР ОЛДЕНБУРГ 200 ГР,158,бр.            ,,Има,158,5,
199,ЕВРИ ДЕЈ 18 ЕКОНОМИ,162,бр.            ,,Има,162,18,
200,ЕВРИ ДЕЈ 10/1,99,бр.            ,,Има,99,5,
201,ПУДИНГ ВИТАМИНКА 3/1,38,бр.            ,,Има,38,5,
202,ПЛАЗМА 150 ГР,78,бр.            ,,Има,78,5,
203,БРИШАЧИ ЛЕДА 2Х200,109,бр.            ,,Има,109,18,
204,СУВО ГРОЗЈЕ ЦРНО,25,бр.            ,,Има,25,5,
205,ЛИЖАЛКИ,5,бр.            ,,Има,5,10,
206,ТОРТИНА МАКСИ 50ГР,15,бр.            ,,Има,15,5,
207,КОЖУВЧАНКА ПАКЕТ,150,бр.            ,,Има,150,18,
208,"СИНЕТА 1,5 Л",49,бр.            ,,Има,49,18,
209,СУПА СО КНЕДЛИ ПОДРАВКА ,57,бр.            ,,Има,57,5,
210,ИШЛЕРИ ДУО,99,бр.            ,,Има,99,5,
211,ГРИЗ 200 ГР,15,бр.            ,,Има,15,5,
212,БУКОВЕЦ,25,бр.            ,,Има,25,5,
213,БРЕФ ПАУЕР ДУОМПАК,137,бр.            ,,Има,137,18,
214,ЕУРО ДЕСЕРТ 300 ГР,154,бр.            ,,Има,154,5,
215,НЕСКАФЕ 100 ГР ЛИМЕНКА,190,бр.            ,,Има,190,5,
216,ОБЕЛУВАЧ КРУГЕР 400 гр,177,бр.            ,,Има,177,5,
217,ОБЕЛУВАЧ КРУГЕР 25,107,бр.            ,,Има,107,5,
218,ЦИМЕТ,5,бр.            ,,Има,5,5,
219,ЛОВОРОВ ЛИСТ,13,бр.            ,,Има,13,10,
220,ВЕСЕЛИ ЈАЈЦА,3,бр.            ,,Има,3,10,
221,БОНКАФЕ ЗА 6,6,бр.            ,,Има,6,10,
222,АЛВА НЕГОТИНСКА,14,бр.            ,,Има,14,10,
223,ПАЛОМА МАРАМИЦИ,8,бр.            ,,Има,8,18,
224,КИКИРИТКИ 300 ГР,72,бр.            ,,Има,72,5,
225,ЛОКУМ 350 ГР,50,бр.            ,,Има,50,5,
226,БРАШНО ПОПОВИЧ 1 КГ,32,бр.            ,,Има,32,5,
227,НАРЕЗАК АГРИКО 156 ГР,35,бр.            ,,Има,35,5,
228,МОРСКИ ШКОЛКИ,68,бр.            ,,Има,68,5,
229,"НЕГРО 0,800ГР",255,бр.            ,,Има,255,10,
230,ИКРАМ 58ГР,20,бр.            ,,Има,20,5,
231,КОЦКА ЗА  СУПА МАГИ 6/1,52,бр.            ,,Има,52,5,
232,ШАМПОН ВОШ И ГО 200 МЛ,65,бр.            ,,Има,65,18,
233,ПЕТИТ КОНДИСА 200 ГР,16,бр.            ,,Има,16,5,
234,ВЕГЕТА ПОДРАВКА 250 ГР,87,бр.            ,,Има,87,5,
235,МАРАМИЦИ АКВА,90,бр.            ,,Има,90,18,
236,ЧОКОБИСКВИТ,13,бр.            ,,Има,13,5,
237,"ГОРА ЏУС 1,5Л",75,бр.            ,,Има,75,18,
238,ЧАЈНИ КОНДИСА 450ГР,58,бр.            ,,Има,58,5,
239,КИНДЕР ЧОКОЛАДО 100 ГР,89,бр.            ,,Има,89,5,
240,СОЛЕНКИ ХЕЛОО 45 ГР,9,бр.            ,,Има,9,5,
241,СУПА ШВАЈЦАРСКА ПОДРАВКА,49,бр.            ,,Има,49,5,
242,КОЦКА ЗА СУПА ПОДРАВКА,6,бр.            ,,Има,6,5,
243,ПЕЗ ШУМЛИВИ ТАБЛЕТИ,57,бр.            ,,Има,57,5,
244,"ПЕРВОЛ 3,6 Л",420,бр.            ,,Има,420,18,
245,ФАИРИ 650МЛ,112,бр.            ,,Има,112,18,
246,МАЛОУ КЕК,64,бр.            ,,Има,64,5,
247,"ПЕЛИСТЕРКА 1,5Л",30,бр.            ,,Има,30,18,
248,АГРОБЛОК 90ГР,33,бр.            ,,Има,33,5,
249,ПРЕЗЛА,16,бр.            ,,Има,16,5,
250,КАФЕ ВИП 200 ГР,81,бр.            ,,Има,81,18,
251,КИФЛИ 500 ГР,90,бр.            ,,Има,90,5,
252,СИНАЛКО 3+1,145,бр.            ,,Има,145,18,
253,АЛПСКА 700 ГР МЕИН,117,бр.            ,,Има,117,5,
254,САЛФЕТИ ЛЕДА,20,бр.            ,,Има,20,18,
255,РУБЕЛ 9 КГ,470,бр.            ,,Има,470,18,
256,КАСЕТКА ЗА ЈАЈЦА,8,бр.            ,,Има,8,18,
257,ЕРВЕЈС,38,бр.            ,,Има,38,5,
258,ОРБИТ,37,бр.            ,,Има,37,5,
259,БОНИ ТОП,18,бр.            ,,Има,18,10,
260,РУБЕЛ 12 КГ,999,бр.            ,,Има,999,18,
261,ПАШТЕТА ЛОВАЧКА 100 ГР,28,бр.            ,,Има,28,5,
262,БАЛКАН БЕЛО,168,кгр.           ,,Има,168,5,
263,КОЛГЕЈТ 75 МЛ,51,бр.            ,,Има,51,18,
264,КОЛБАС ОХРИДСКИ,62,бр.            ,,Има,62,5,
265,ГУСТИН-НИШЕСТЕ ,16,бр.            ,,Има,16,18,
266,КОКО МАКС 250 ГР,82,бр.            ,,Има,82,10,
267,ЧИПС ЧИЛИ 250 ГР,139,бр.            ,,Има,139,10,
268,ОЦЕТ БЛАГОЈ ГОРЕВ 3Л,115,бр.            ,,Има,115,5,
269,ЧОКО СТОБИ  ФЛИПС,20,бр.            ,,Има,20,10,
270,БЕКУТАН ШАМПОН 400 МЛ,182,бр.            ,,Има,182,18,
271,МЕДЕЊАЦИ 300 ГР СЛ,75,бр.            ,,Има,75,5,
272,ХАНЗАПЛАСТ,10,бр.            ,,Има,10,18,
273,ГУМЕНИ БОНБОНИ ,10,бр.            ,,Има,10,10,
274,ПЕЗ 6/1 РЕФИЛ,36,бр.            ,,Има,36,5,
275,МАЈОНЕЗ ТОМИ,260,бр.            ,,Има,260,10,
276,МАСЛИНКА 161-180 РАЗМЕР,285,кгр.           ,,Има,285,5,
277,АГРОПЛОД  СОКЧЕ 250мл,15,бр.            ,,Има,15,18,
278,БОНБОНИ БУТЕР МИЛК 1 КГ,315,бр.            ,,Има,315,10,
279,ХАЛТА 1 Л,208,бр.            ,,Има,208,5,
280,ХАЛТА 500МЛ,122,бр.            ,,Има,122,5,
281,ГУАРАНА ЕНЕРЏИ,40,бр.            ,,Има,40,18,
282,БОНБОНИ  БУРКОБОН 720ГР,130,бр.            ,,Има,130,10,
283,ПАШТЕТА ПКБ 50 ГР ПИЛ.,14,бр.            ,,Има,14,5,
284,ПАШТЕТА ПКБ 100Г ПИЛ.,20,бр.            ,,Има,20,5,
285,ТЕСТЕНИНИ РИСКОСА ПОЛЖАВ,59,бр.            ,,Има,59,5,
286,ИНКАФЕ ГОЛД 200,320,бр.            ,,Има,320,10,
287,ПАШТЕТА МЕЏИК 50ГР,12,бр.            ,,Има,12,5,
288,НЕГРО 100 ГР,28,бр.            ,,Има,28,5,
289,УКРАСНА КЕСА ГОЛЕМА,40,бр.            ,,Има,40,18,
290,САВЕКС ТЕЧЕН,164,бр.            ,,Има,164,18,
291,МИЛКА 300ГР,230,бр.            ,,Има,230,5,
292,ВЕРОНА 375ГР МЛЕЧНА,86,бр.            ,,Има,86,5,
293,ПИРЕ КИБЕЛА,28,бр.            ,,Има,28,10,
294,ЧУНГА ЛУНГА МЕГА,10,бр.            ,,Има,10,10,
295,ЧУНГА ЛУНГА КОЦКА,1,бр.            ,,Има,1,5,
296,МОРТАДЕЛА СВИНСКА ПКБ,226,кгр.           ,,Има,226,5,
297,ТУНА БАДУКО 95 ГР ЦЕЛА,46,бр.            ,,Има,46,5,
298,ОЦЕТ ЈАБОЛКОВ,50,бр.            ,,Има,50,5,
299,ОЦЕТ ВИНСКИ,44,бр.            ,,Има,44,5,
300,ПАШТЕТА ПИВКА 50 ГР,17,бр.            ,,Има,17,5,
301,КОРНИШОНИ ДИЕМ,82,бр.            ,,Има,82,5,
302,ПЛЕТЕНКА,30,бр.            ,,Има,30,5,
303,КУМУР ЗА СКАРА 2КГ,170,бр.            ,,Има,170,18,
304,КЕКС СЕНДВИЧ 250ГР СЛ,74,бр.            ,,Има,74,5,
305,ОРИГАНО,20,бр.            ,,Има,20,10,
306,КУЈНСКИ БРИШАЧ 500ГР,96,бр.            ,,Има,96,18,
307,СОНЧОГЛЕД НУТИНИ 50 ГР,10,бр.            ,,Има,10,5,
308,ЛЕНЕНО СЕМЕ,18,бр.            ,,Има,18,10,
309,ОЦЕТ КИСКО 5 Л,220,бр.            ,,Има,220,5,
310,БИОАКТИВ 9 КГ,780,бр.            ,,Има,780,18,
311,МОЛФИ,30,бр.            ,,Има,30,18,
312,КРОАСАН СЕВН ДЕЈС 80ГР,42,бр.            ,,Има,42,5,
313,АРГЕТА,55,бр.            ,,Има,55,5,
314,БИОАКТИВ 3 КГ,300,бр.            ,,Има,300,18,
315,САВЕКС 2 КГ,290,бр.            ,,Има,290,18,
316,ИНЛОТ 2КГ,105,бр.            ,,Има,105,18,
317,ПАЛМОЛИВ САПУН,26,бр.            ,,Има,26,18,
318,ВЕГЕТА ПОДРАВКА 500 ГР,158,бр.            ,,Има,158,5,
319,КАКАО КИБЕЛА КЕСА 100ГР,34,бр.            ,,Има,34,5,
320,ШЕКЕР ВО ПРАВ 200 ГР,20,бр.            ,,Има,20,5,
321,ЖИТОМИР БОНБОНИ 180ГР,60,бр.            ,,Има,60,10,
322,ПЕРФЕКС 8+2 ДЕЛУКС,160,бр.            ,,Има,160,18,
323,КОЛБАС РОШТИЛ 300 МЕИН,88,бр.            ,,Има,88,5,
324,ПЕПЕРМИНТ КРАШ,31,бр.            ,,Има,31,5,
325,ФАКС 6 КГ,570,бр.            ,,Има,570,18,
326,"ТОМАТЕЛО 0,2Л",30,бр.            ,,Има,30,5,
327,БИСКВИТ ПОДЛОГА,40,бр.            ,,Има,40,5,
328,ЛЕКА 400 МАКС,69,бр.            ,,Има,69,5,
329,ЖИТОМИР ЕДЕН ЏОИ 1КГ,360,бр.            ,,Има,360,10,
330,СИРЕЊЕ ШИПКА ВАКУМ,429,кгр.           ,,Има,429,5,
331,ПРЕЗИДЕНТ 400ГР,240,бр.            ,,Има,240,10,
332,"СТРУМКА 1,5 Л",50,бр.            ,,Има,50,18,
333,"СТРУМКА 0,5",30,бр.            ,,Има,30,18,
334,"СИНАЛКО 2 л и  1,75 Л",60,бр.            ,,Има,60,18,
335,ТУНА БАЛКО,76,бр.            ,,Има,76,5,
336,ПАШТЕТА ЛОВАЧКА 75 ГР,23,бр.            ,,Има,23,5,
337,РЕСАНА ФРУТИ,20,бр.            ,,Има,20,5,
338,КЕСИ 3 КГ,20,бр.            ,,Има,20,18,
339,ГУЛАШ 400 ГР АГРИКО,120,бр.            ,,Има,120,5,
340,БОНКАФЕ КЛАСИК 100 ГР,45,бр.            ,,Има,45,18,
341,БОНКАФЕ КЛАСИК 200 ГР,90,бр.            ,,Има,90,18,
342,БОНКАФЕ МИНАС 100ГР,55,бр.            ,,Има,55,18,
343,БОНКАФЕ МИНАС 200 ГР,105,бр.            ,,Има,105,18,
344,МАСЛИНКА 141-160,175,кгр.           ,,Има,175,5,
345,РОЈАЛ 80 ГР,34,бр.            ,,Има,34,18,
346,АРОМА 95 ГР,20,бр.            ,,Има,20,18,
347,ГРАВ ПОСЕН ТАКОВО,85,бр.            ,,Има,85,5,
348,КИКИРИТКИ 200ГР МАКС,32,бр.            ,,Има,32,5,
349,ФЕРИ  450,80,бр.            ,,Има,80,18,
350,ЛОКУМ 350ГР ОРЕВ,63,бр.            ,,Има,63,5,
351,МАОАМ 22 ГР КАРАМЕЛКИ,14,бр.            ,,Има,14,5,
352,СЕМКИ НУТИНИ 200 ГР,60,бр.            ,,Има,60,5,
353,ТИПСО 450,50,бр.            ,,Има,50,18,
354,РУБЕЛ 3 КГ,300,бр.            ,,Има,300,18,
355,НЕГРО 1КГ,320,кгр.           ,,Има,320,10,
356,МОЕ КОЛАЧЕ ЧАЈНИ 700 ГР,74,бр.            ,,Има,74,5,
357,БРАШНО КАДИНО 5 КГ,160,бр.            ,,Има,160,5,
358,КРИСТАЛИ ЗА ЈАЈЦА,14,бр.            ,,Има,14,18,
359,ЈАЈЦА ХЛ 30/1,7.35,бр.            ,,Има,7.35,5,
360,"ИЗВОРСКА  и КОЖУВЧАНКА 0,5",20,бр.            ,,Има,20,18,
361,БОНБОЊЕРА ВЕРОНА 200ГР,79,бр.            ,,Има,79,10,
362,КОНЗЕРВАНС,3,бр.            ,,Има,3,18,
363,ВИНОБРАН,4,бр.            ,,Има,4,18,
364,ПАШТЕТА АГРИКО 50 ГР,7,бр.            ,,Има,7,5,
365,ПАШТЕТА 150ГР ЛИМЕНКА ПКБ,35,бр.            ,,Има,35,5,
366,ПАШТЕТА 100ГР ЈЕТРЕНА,20,бр.            ,,Има,20,5,
367,ПАШТЕТА ПКБ 50 ГР ЈЕТРЕНА,14,бр.            ,,Има,14,5,
368,ПОГАЧИ ,100,бр.            ,,Има,100,5,
369,СОДА БИКАРБОНА 500 ФУДИ,37,бр.            ,,Има,37,18,
370,ВАФЕЛ ПЛУС,6.5,бр.            ,,Има,6.5,5,
371,САВЕКС 4 КГ,380,бр.            ,,Има,380,18,
372,ЕУРОКРЕМ БЛОК 40ГР,16,бр.            ,,Има,16,5,
373,МАСТИКИ ЦИГАРИ,15,бр.            ,,Има,15,10,
374,ОЦЕТ БЛАГОЈ ГОРЕВ 5Л,160,бр.            ,,Има,160,5,
375,ТАКОВО ПРАСКА 1Л,55,бр.            ,,Има,55,18,
376,ШАМПОН ХЕРБА 1 Л,107,бр.            ,,Има,107,18,
377,ПЕЧУРКИ 300 ГР,36,бр.            ,,Има,36,10,
378,МАГДАНОС СУВ,21,бр.            ,,Има,21,10,
379,ГУМБИР ВО ПРАВ,36,бр.            ,,Има,36,5,
380,ЧИПС ХЕЛО 40 ГР,15,бр.            ,,Има,15,5,
381,НОБЛИЦЕ 125 ГР,29,бр.            ,,Има,29,5,
382,МЕДЕЊАЦИ СЛ 150 ГР,46,бр.            ,,Има,46,5,
383,МЕНТА И ОВОШНИ МУЛТИПРОМ,20,бр.            ,,Има,20,5,
384,ПЕРФЕКС БРИШАЧИ МЕГА,90,бр.            ,,Има,90,18,
385,ПЕПСИ 4/1,165,бр.            ,,Има,165,18,
386,ГРИЗ 500ГР,39,бр.            ,,Има,39,5,
387,ЛЕБ РЖАН ,40,бр.            ,,Има,40,5,
388,НЕСКВИК 200 ГР,130,бр.            ,,Има,130,10,
389,ПАШТЕТА МЕЏИК 130 ГР,25,бр.            ,,Има,25,5,
390,СЕНФ ТУБА 180 ГР,60,бр.            ,,Има,60,10,
391,МЕРСИ 250ГР,336,бр.            ,,Има,336,10,
392,ЕСЕНЦИЈА АЛКАЛОИД,50,бр.            ,,Има,50,18,
393,ДАФИНКА РАЗМЕР,175,кгр.           ,,Има,175,10,
394,ЧИПС ХЕЛО 150 ГР,68,бр.            ,,Има,68,10,
395,КРЕМ БАНАНКА 10/1,55,бр.            ,,Има,55,10,
396,ЗАЧИН КРИСТАЛ 500 ГР,97,бр.            ,,Има,97,10,
397,ПАЛМОЛИВ 350 МЛ,88,бр.            ,,Има,88,18,
398,ВОЧНИ КАПИ 2 Л,61,бр.            ,,Има,61,18,
399,КВАСЕЦ СУВ,10,бр.            ,,Има,10,5,
400,ПЕЦИВО ВИТАМИНКА,3,бр.            ,,Има,3,5,
401,МАРАМИЦИ БОРА,55,бр.            ,,Има,55,18,
402,БРАШНО ГЕВГЕЛИСКО 5 КГ,115,бр.            ,,Има,115,5,
403,РЕКСОНА СПРЕЈ,160,бр.            ,,Има,160,18,
404,БЕКУТАН ШАМПОН 200МЛ,94,бр.            ,,Има,94,18,
405,ТОАЛЕТ ЛЕДА 4/1,46,бр.            ,,Има,46,18,
406,МАРАМИЦИ ХОПС ,63,бр.            ,,Има,63,18,
407,ПАВЛАКА 400 БИТОЛСКА,75,бр.            ,,Има,75,5,
408,АЛВА 250ГР БЛАГОЈ ГОРЕВ,100,бр.            ,,Има,100,10,
409,"МЛЕКО ЧОКОЛАДНО 0,25",40,бр.            ,,Има,40,18,
410,РЕСАНА 870 ГР,115,бр.            ,,Има,115,5,
411,НИВЕА СТИК,117,бр.            ,,Има,117,18,
412,"ПИЛ ЏИГЕРИ 0,5КГ",33,бр.            ,,Има,33,5,
413,СВИНСКИ БУТ,286,кгр.           ,,Има,286,5,
414,КИКИРИТКИ 400ГР ВАКУМ,62,бр.            ,,Има,62,5,
415,ТОАЛЕТ ВИОЛЕТА 8/1,80,бр.            ,,Има,80,18,
416,ПИЛ БАТАК,83,кгр.           ,,Има,83,5,
417,КОПАН ПАКУВАН КРАТОК,138,кгр.           ,,Има,138,5,
418,КАРИ 40 ГР,26,бр.            ,,Има,26,10,
419,ПЛЕСКАВИЦА 4Х100ГР,105,бр.            ,,Има,105,5,
420,РИБА ПАПАЛИНА,142,кгр.           ,,Има,142,10,
421,МАРМАЛАД 850ГР СЛ,94,бр.            ,,Има,94,5,
422,ШЛАГ КРЕМ ЧОКОЛАДО,30,бр.            ,,Има,30,5,
423,ШЛАГ КРЕМ ВАНИЛА,30,бр.            ,,Има,30,5,
424,КУБАНИТА 200ГР,90,бр.            ,,Има,90,18,
425,БОНИ ЈАП,77,бр.            ,,Има,77,5,
426,КИКИРИТКИ 300 ГР НУТИНИ,72,бр.            ,,Има,72,10,
427,ФАНКИ,10,бр.            ,,Има,10,5,
428,ПИЛЕ 1КГ ЦЕДРОБ,160,кгр.           ,,Има,160,5,
429,ПЧЕНКАРНО БРАШНО МАКС,20,бр.            ,,Има,20,5,
430,САРДИНА БАЛКО,40,бр.            ,,Има,40,5,
431,ВИВА 200МЛ,20,бр.            ,,Има,20,18,
432,МЕНТА ПЛУС,10,бр.            ,,Има,10,10,
433,КВАСЕЦ МАЛ,15,бр.            ,,Има,15,5,
434,КВАСЕЦ ГОЛЕМ,42,бр.            ,,Има,42,5,
435,ВИМ,56,бр.            ,,Има,56,18,
436,ЛЕКА БОН,56,бр.            ,,Има,56,5,
437,ЦЕВИТАНА 200ГР,79,бр.            ,,Има,79,5,
438,"МЕРИКС 2,7 КГ",340,бр.            ,,Има,340,18,
439,ПЕТИТ КОНДИСА 700,80,бр.            ,,Има,80,5,
440,БИК ЖИЛЕТИ,30,бр.            ,,Има,30,18,
441,ПИЛ КОПАН БЕЗ КОСКА,230,кгр.           ,,Има,230,5,
442,САЛФЕТИ 100/1 28Х28,40,бр.            ,,Има,40,18,
443,КАКАО КИБЕЛА,34,бр.            ,,Има,34,5,
444,ЧОКОЛАДО МАКС 60ГР,34,бр.            ,,Има,34,5,
445,КОЛБАС МАКЕДОНСКИ И ВРШНИЧКИ МЕИН,100,бр.            ,,Има,100,5,
446,ФЕФЕРОНИ ДИЕМ,40,бр.            ,,Има,40,5,
447,КОРНИШОНИ МАКСАП,70,бр.            ,,Има,70,5,
448,БОНБОНИ ЕВРОПА МИНТ 900,155,бр.            ,,Има,155,5,
449,ПИОНИР ЛЕШНИК 200,150,бр.            ,,Има,150,5,
450,КРЕМ БАНАНА 800ГР,192,бр.            ,,Има,192,10,
451,ЦВЕКЛО,64,бр.            ,,Има,64,5,
452,КАФЕ СПЕЦИЈАЛ 200,230,бр.            ,,Има,230,10,
453,ГРАШОК 450ГР,55,бр.            ,,Има,55,5,
454,ТУНА ДАУТИ 170ГР СЕЦКАНА,35,бр.            ,,Има,35,5,
455,ТУНА ДАУТИ 80 ГР СЕЦКАНА,25,бр.            ,,Има,25,5,
456,ЧЕПКАЛКИ ЗА УШИ 100/1,27,бр.            ,,Има,27,18,
457,ТИНГЕР,8,бр.            ,,Има,8,5,
458,ДОМА СВИС РОЛ 300ГР,78,бр.            ,,Има,78,5,
459,ГУВЕЧ ДИЕМ,79,бр.            ,,Има,79,5,
460,НЕСКАФЕ 200 ГР,338,бр.            ,,Има,338,5,
461,САЛФЕТИ ТИМАС,37,бр.            ,,Има,37,18,
462,ДОМЕСТОС,93,бр.            ,,Има,93,18,
463,КЕЧАП 50 ГР ВИТАМИНКА,9,бр.            ,,Има,9,5,
464,МАЈОНЕЗ ВИТАНЕЗ 45,12,бр.            ,,Има,12,10,
465,РЕКСОНА СТИК,178,бр.            ,,Има,178,18,
466,РЕКСОНА РОЛОН,82,бр.            ,,Има,82,18,
467,МАЈОНЕЗ ВИТАНЕЗ 320 ГР,62,бр.            ,,Има,62,5,
468,МАКАРОНИ ДИВЕЛА,49,бр.            ,,Има,49,5,
469,ЧИПС ЧИЛИ 150ГР,78,бр.            ,,Има,78,5,
470,КИНДЕР ЈАЈЦЕ,70,бр.            ,,Има,70,10,
471,ЧАЈ КАМИЛИЦА АЛКАЛОИД,63,бр.            ,,Има,63,18,
472,ЧАЈ БРУСНИЦА АЛКАЛОИД,103,бр.            ,,Има,103,5,
473,ЧАЈ МИЛСА АРОНИЈА,32,бр.            ,,Има,32,5,
474,ЧАЈ  ЈАГОДА  ЈУМИС,42,бр.            ,,Има,42,5,
475,ЛОКУМ 100 ГР,15,бр.            ,,Има,15,10,
476,ПЧЕНИЦА ЛУПЕНА 400 ГР,47,бр.            ,,Има,47,10,
477,СЛАДОЛЕД  ЈУМИС,36,бр.            ,,Има,36,10,
478,РАКАВИЦИ ГУМЕНИ,40,бр.            ,,Има,40,18,
479,КНАЗ МИЛОШ ПОРТОКАЛ ЛИМОН,47,бр.            ,,Има,47,18,
480,ЧАЈ ХИБИСКУС АЛКАЛОИД,43,бр.            ,,Има,43,18,
481,ПЕТИТ КОНДИСА 400 ГР,48,бр.            ,,Има,48,5,
482,ПОП КЕК ПАТИСЕРИ 200ГР,85,бр.            ,,Има,85,5,
483,ЧАЈ НАНЕ ЈУМИС,30,бр.            ,,Има,30,18,
484,КАРАМЕЛА ЕМЕЛА ЕВРОПА,218,кгр.           ,,Има,218,5,
485,ШЛАГ ПЕНА ВИТАМИНКА,23,бр.            ,,Има,23,5,
486,ЛОКУМ 1 КГ ОРЕВ,152,бр.            ,,Има,152,10,
487,ИЗВОРСКА 6 Л,72,бр.            ,,Има,72,18,
488,БИОАКТИВ 7 КГ,330,бр.            ,,Има,330,18,
489,ПАКЕТЧЕ ВИТАМИНКА,120,бр.            ,,Има,120,5,
490,НОВОГОДИШНО КЕСЕ,5,бр.            ,,Има,5,18,
491,МАЧМЕЛО,49,бр.            ,,Има,49,10,
492,БАТЕРИЈА АЛКАЛНА,25,бр.            ,,Има,25,18,
493,"ПЕРВОЛ 2,970 Л",400,бр.            ,,Има,400,18,
494,ПЕНА ЗА БРИЧЕНЈЕ ЖИЛЕТЕ,114,бр.            ,,Има,114,18,
495,ПАКЕТЧЕ СВИСЛИОН,100,бр.            ,,Има,100,5,
496,ЧУНГА ЛУНГА БОНБОНИ,5,бр.            ,,Има,5,10,
497,ЗЛАТЕН ПЕК 630ГР,102,бр.            ,,Има,102,5,
498,БОНКАФЕ 450 ГР,215,бр.            ,,Има,215,18,
499,СМОКВИ СУВИ,84,бр.            ,,Има,84,5,
500,БРАШНО Ж.ЛУКС 5 КГ,290,бр.            ,,Има,290,5,
501,"ВИВА 1,5 Л",90,бр.            ,,Има,90,18,
502,ЧУНГА ЛУНГА БУБЛЕС,10,бр.            ,,Има,10,5,
503,БАНАТ 90 ГР МЛЕЧНО,35,бр.            ,,Има,35,5,
504,ЧАЈНА ПКБ 295 ГР,191,бр.            ,,Има,191,5,
505,ЧИНИЈА ПВЦ 10/1,25,кгр.           ,,Има,25,18,
506,КАШКАВАЛ ИРКО,450,кгр.           ,,Има,450,5,
507,ЛИНЕА МИЛК,10,бр.            ,,Има,10,5,
508,ЛИНЕА 160 ГР ЧОКО,42,бр.            ,,Има,42,5,
509,БОНБОНИ ГРИНИ 1 КГ,137,кгр.           ,,Има,137,5,
510,ПЕТИТ АПЕТИТ 570ГР,98,бр.            ,,Има,98,5,
511,ЗДЕНКА МАЗУРСКИ 2+1,124,бр.            ,,Има,124,5,
512,ХАРИБО РОЛНИ,15,бр.            ,,Има,15,5,
513,ПИЛЕШКИ ГРАДИ МЕИН 400 ГР,135,бр.            ,,Има,135,5,
514,ПИЛЕШКИ ПАРИЗЕР МЕИН,155,бр.            ,,Има,155,5,
515,ШУНКА СПЕЦИЈАЛ 400 ГР,122,бр.            ,,Има,122,5,
516,ВИРШЛА МЕИН,50,бр.            ,,Има,50,5,
517,ПОСЕБНА СВИНСКА 350 ГР МЕИН,75,бр.            ,,Има,75,5,
518,МАСЛИНКА 500 ГР ЦРНА,100,бр.            ,,Има,100,5,
519,ЕВА ТЕЧЕН САПУН 1Л,67,бр.            ,,Има,67,18,
520,МАРГАРИН КОЦКА КРИСТАЛ,44,бр.            ,,Има,44,5,
521,МАРГАРИН ДОБРО ЈУТРО МЛЕЧЕН 250,75,бр.            ,,Има,75,5,
522,МАРГАРИН ДОБРО ЈУТРО ЛАЈТ 250,45,бр.            ,,Има,45,5,
523,ЧОКА МОКА 250 ГР,76,бр.            ,,Има,76,10,
524,МАРГАРИН ДОБРО ЈУТРО МЛЕЧЕН 500,120,бр.            ,,Има,120,5,
525,МАРГАРИН ДОБРО ЈУТРО ЛАЈТ 500,85,бр.            ,,Има,85,5,
526,КИСЕЛО МЛЕКО БУЧЕН КОЗЈАК,31,бр.            ,,Има,31,5,
527,ЈОГУРТ БУЧЕН КОЗЈАК,72,бр.            ,,Има,72,5,
528,СИРЕЊЕ КРАВЈО БУЧЕН КОЗЈАК,448,кгр.           ,,Има,448,5,
529,СИРЕЊЕ ОВЧЈО БУЧЕН КОЗЈАК,328,кгр.           ,,Има,328,5,
530,СИРЕЊЕ ЖОЛТО БУЧЕН КОЗЈАК,564,кгр.           ,,Има,564,5,
531,"ХАЛТА 0,2",66,бр.            ,,Има,66,5,
532,ДАФИНКА 500 ГР,115,бр.            ,,Има,115,10,
533,СИНТАГМА ЗА ТОРТИ,34,бр.            ,,Има,34,5,
534,СТОБИ ФЛИПС МАГНУС,70,бр.            ,,Има,70,10,
535,СУПА ВАРДАРСКА ВИТАМИНКА,34,бр.            ,,Има,34,5,
536,АРИС ДЕ ГРАС ПУМПА,147,бр.            ,,Има,147,18,
537,НЕС 2 ВО 1 И СТРОНГ,15,бр.            ,,Има,15,10,
538,ШАМПОН ГЛОБАЛ,80,бр.            ,,Има,80,18,
539,СУПА ФРАНЦУСКА ПОДРАВКА ,53,бр.            ,,Има,53,5,
540,МИЛ 500 МЛ,45,бр.            ,,Има,45,18,
541,УРДА 800 ГР ГОРГИЕВИ,145,бр.            ,,Има,145,5,
542,ДОМИНО ЛОСИОН,94,бр.            ,,Има,94,18,
543,ВИНЕКС САПУН 60 ГР,13,бр.            ,,Има,13,18,
544,ПЕРСИЛ ГЕЛ,15,бр.            ,,Има,15,18,
545,"ЛЕНОР 1,625МЛ",270,бр.            ,,Има,270,18,
546,ЈОГУРТ ШИПКА ПЛАВ,66,бр.            ,,Има,66,5,
547,МАРАМИЦИ БОНИ 72/1,41,бр.            ,,Има,41,18,
548,СИРИШТЕ 500МЛ,160,бр.            ,,Има,160,18,
549,СИРИШТЕ 250МЛ,92,бр.            ,,Има,92,18,
550,БРАШНО ВОДЕНИЧАР 1 КГ,34,бр.            ,,Има,34,5,
551,ДЕДО МРАЗ 100 ГР +ЛАМПИОН,95,бр.            ,,Има,95,5,
552,ФАНТ ЗА КОФТЕ,80,бр.            ,,Има,80,10,
553,"ПЕПСИ МИРИНДА 0,5",35,бр.            ,,Има,35,18,
554,КОЛАЧЕ,10,бр.            ,,Има,10,5,
555,ПАНКО,5,бр.            ,,Има,5,5,
556,БИБЕР 4+1 ВИТАМИНКА,45,бр.            ,,Има,45,5,
557,ВАНИЛА 4+1 ВИТАМИНКА,17,бр.            ,,Има,17,10,
558,ПЕЦИВО 4+1 ВИТАМИНКА,17,бр.            ,,Има,17,5,
559,СОЈА ШНИЦЛИ,38,бр.            ,,Има,38,5,
560,ЧОКО ЏАМБО,22,бр.            ,,Има,22,10,
561,ЦЕВИТАНА 500 ГР,173,бр.            ,,Има,173,5,
562,ПИЛЕШКИ КРИЛЦА,155,кгр.           ,,Има,155,5,
563,ПИЛЕШКИ ПИКНИК,125,бр.            ,,Има,125,5,
564,БОНКАФЕ 200+200+ФИЛЏАН,270,бр.            ,,Има,270,18,
565,ГУЛАШ 300 СЛ ГОВЕДСКИ,132,бр.            ,,Има,132,5,
566,ГРАВ МАКС 400 ГР,73,бр.            ,,Има,73,5,
567,СЛАНИНА МЕИН ВАКУМ,650,кгр.           ,,Има,650,5,
568,ЦЕВИТАНА 900 ЛИМЕНКА,237,бр.            ,,Има,237,5,
569,МУСЛИ БАР 25 ГР,8,бр.            ,,Има,8,5,
570,"ЈОГУРТ 0,5МЛ",40,бр.            ,,Има,40,5,
571,ЛЕКА КИБЕЛА 400ГР,58,бр.            ,,Има,58,5,
572,БРЕЗА АЗУРА ТЕЧЕН ДЕТЕРГЕНТ,150,бр.            ,,Има,150,18,
573,ЛИМОНТУС 3+1 ВИТАМИНКА,27,бр.            ,,Има,27,18,
574,БОНБОНИ ЦЕВИТАНА,8,бр.            ,,Има,8,10,
575,МАЈОНЕЗ ВИТАНЕЗ 320ГР ПОСЕН,60,бр.            ,,Има,60,5,
576,СУПА КРЕМ ОД ПЕЧУРКИ ВИТАМИНКА,25,бр.            ,,Има,25,5,
577,МОЛФИ ВИОЛЕТОВИ,35,бр.            ,,Има,35,18,
578,НИВЕА  КУПКА,160,бр.            ,,Има,160,18,
579,СИРЕЊЕ ШТИПСКО,275,кгр.           ,,Има,275,5,
580,ШПАГЕТИ ДИВЕЛА,66,бр.            ,,Има,66,5,
581,"РЕСАНА 0,500 ГР ВИТАМИНКА",69,бр.            ,,Има,69,5,
582,ЧОКО МАКС,86,бр.            ,,Има,86,10,
583,"САВЕКС ТЕЧЕН 1,1Л",173,бр.            ,,Има,173,18,
584,"ФЕЈА 0,5Л",35,бр.            ,,Има,35,18,
585,АРГЕТА 45ГР,40,бр.            ,,Има,40,5,
586,ЈАФА ЦУЦЛА,20,бр.            ,,Има,20,18,
587,ПЛАЗМА 75ГР,35,бр.            ,,Има,35,5,
588,ТАКОВО 3/1,100,бр.            ,,Има,100,18,
589,МАРАМИЦИ ФРЕШ,12,бр.            ,,Има,12,18,
590,СУНГЕР КАРЛИНА 3/1,50,бр.            ,,Има,50,18,
591,"МИРИНДА 1,5Л МИКС",45,бр.            ,,Има,45,18,
592,КИКИРИТКА 250ГР ВАКУМ,40,бр.            ,,Има,40,5,
593,БОЖИЦА ПАКЕТ,130,бр.            ,,Има,130,18,
594,ЛАЗАЊИ БАРИЛА,248,бр.            ,,Има,248,5,
595,СУПЕР ЛЕПАК ЛОКТАЈТ,70,бр.            ,,Има,70,18,
596,АЈДАМЕР ,500,бр.            ,,Има,500,10,
597,ФРАНЦА ЈУНЕШКА ЧАЈНА,175,бр.            ,,Има,175,5,
598,ПРЕМИЕР ВАФЕЛ,10,бр.            ,,Има,10,5,
599,ТОАЛЕТ ЕКСТРА 8/1,58,бр.            ,,Има,58,18,
600,ПРЕТИ НОРМАЛ СО КРИЛЦА,80,бр.            ,,Има,80,5,
601,БИБЕР ВИТАМИНКА,9,бр.            ,,Има,9,5,
602,ПЛАЗМА МЕЛЕНА 300ГР,137,бр.            ,,Има,137,5,
603,ВЕСЕЛИ ЈАЈЦА 1 КГ,520,кгр.           ,,Има,520,5,
604,НАПОЛИТАНКА ВАФЕРС 350ГР ВИНЧИНИ,88,бр.            ,,Има,88,5,
605,ТВИСТЕР ЧОКО ПРЕЛИВ 350ГР,84,бр.            ,,Има,84,5,
606,ЕКСТРИМ ПАРФЕМ НОВ,290,бр.            ,,Има,290,18,
607,КОФЕТА МЛЕКО ВО ПРАВ,56,бр.            ,,Има,56,5,
608,КАКАО СТЕЛ,34,бр.            ,,Има,34,5,
609,КУЛЕН  ПЕКАБЕСКО,225,бр.            ,,Има,225,5,
610,ТУНА ХЕПИ 95 СЕЦКАНА,34,бр.            ,,Има,34,5,
611,БРАШНО ВОДЕНИЧАР 2 КГ,66,бр.            ,,Има,66,5,
612,НАРЕЗАК МИСПОЛ,40,бр.            ,,Има,40,5,
613,РИБА ОСЛИЧ РЕФУС,130,кгр.           ,,Има,130,5,
614,ШАМПОН ВОШ И ГО 360МЛ,148,бр.            ,,Има,148,18,
615,ПОП КЕК,15,бр.            ,,Има,15,5,
616,"ТОМАТЕЛО 0,5МЛ",50,бр.            ,,Има,50,5,
617,ЛЕНОР 1Л,146,бр.            ,,Има,146,18,
618,"ТИПСО 1,300МЛ",103,бр.            ,,Има,103,18,
619,ПИЛ СТЕК СЛОГА,297,кгр.           ,,Има,297,5,
620,СИРЕЊЕ МЕШАНО ШИПКА,462,кгр.           ,,Има,462,5,
621,ВЕСЕЛА ФАРМА 140ГР,60,бр.            ,,Има,60,5,
622,АРКО ЛОСИОН 250МЛ,138,бр.            ,,Има,138,18,
623,УРДА ЗДРАВЈЕ ВАКУМ,228,кгр.           ,,Има,228,5,
624,СОЛ ЕРДА,17,бр.            ,,Има,17,5,
625,ЕВРИ ДЕЈ 18 НОКНИ,164,бр.            ,,Има,164,5,
626,БОНУКС 2КГ,160,бр.            ,,Има,160,18,
627,КРЕМ БАНАНКА ,6,бр.            ,,Има,6,5,
628,КОЛГЕЈТ 125МЛ ТРИПЛ АКТИОН,61,бр.            ,,Има,61,18,
629,БОЈА ЗА ЈАЈЦА КАПСУЛИ,30,бр.            ,,Има,30,18,
630,БИБЕР МЕЛЕН КИБЕЛА,5,бр.            ,,Има,5,5,
631,БИТОЛСКО МЛЕКО 10 ВИТАМИНИ,55,бр.            ,,Има,55,5,
632,КАРНЕКС 75ГР 3+1,88,бр.            ,,Има,88,5,
633,ГРАВ 300ГР СЛАНИНА И РЕБРО ТАКОВО,110,бр.            ,,Има,110,5,
634,ЗДЕНКА МАЗУРСКИ,57,бр.            ,,Има,57,5,
635,ФИНИШ 50 БР,522,бр.            ,,Има,522,18,
636,ПИЛ БАТАК 10КГ,1210,бр.            ,,Има,1210,5,
637,БИБЕР ВО ЗРНО,6,бр.            ,,Има,6,10,
638,ГАЗОЗА 1/4,165,бр.            ,,Има,165,18,
639,"СЕВЕН УП 1,75",50,бр.            ,,Има,50,18,
640,СОЛЕНКИ СО КИКИРИТКИ,26,бр.            ,,Има,26,5,
641,МЕЛЕНО ЈУНЕШКО СТОЧАР 500ГР,140,бр.            ,,Има,140,5,
642,СОДА БИКАРБОНА ВИТАМИНКА 50ГР,9,бр.            ,,Има,9,18,
643,ФРАНЦУСКО БЕЛО 200ГР,44,бр.            ,,Има,44,5,
644,ФРАНЦУСКО БЕЛО 500 ГР,123,бр.            ,,Има,123,5,
645,ТОАЛЕТ БОРА ДЕЛУКС 8+2,110,бр.            ,,Има,110,18,
646,ГУЛАШ 300 ГР СВИНСКИ СЛ,112,бр.            ,,Има,112,5,
647,КИСЕЛО МЛЕКО ЈОКА,25,бр.            ,,Има,25,5,
648,ЈУФКИ ОХРИДСКИ,96,бр.            ,,Има,96,5,
649,БОНИ И ПЕРФЕКС 4/3 ДЕЛУКС,46,бр.            ,,Има,46,18,
650,ПЕРФЕКС 8+2 БЕЛ,100,бр.            ,,Има,100,18,
651,ТЕСТЕНИНИ ИНДОМИ,95,бр.            ,,Има,95,10,
652,КОЛГЕЈТ 50 МЛ,37,бр.            ,,Има,37,18,
653,БРАШНО ЖИТО ЛУКС 2КГ,84,бр.            ,,Има,84,5,
654,БРАШНО ЖИТО ЛУКС 1КГ,47,бр.            ,,Има,47,5,
655,ПАВЛАКА СО ПИПЕРКА 400 ГР,125,бр.            ,,Има,125,5,
656,САВЕКС 6КГ,690,бр.            ,,Има,690,18,
657,САВЕКС 3 КГ,326,бр.            ,,Има,326,18,
658,ЖЕЛАТИН,14,бр.            ,,Има,14,18,
659,ЛОКУМ 1 КГ,135,кгр.           ,,Има,135,10,
660,ОБЛАНДИ,49,бр.            ,,Има,49,5,
661,ЕНТОКС СПРЕЈ,75,бр.            ,,Има,75,5,
662,КИМ МАКС,10,бр.            ,,Има,10,5,
663,ДОМИНО ПАСТА,99,бр.            ,,Има,99,18,
664,МЕЛЕНО МЕШАНО РИМЕС 450ГР,112,бр.            ,,Има,112,5,
665,НАРЕЗАК АГРИ ПИЛ И СВИ 300 ГР,70,бр.            ,,Има,70,5,
666,КЕБАП РИМЕС 500ГР,106,бр.            ,,Има,106,5,
667,НИВЕА ШЕИВ,270,бр.            ,,Има,270,18,
668,КРПИ МИКРОФИБЕР 3/1,90,бр.            ,,Има,90,18,
669,СУНГЕР МАСТЕР 1/1,10,бр.            ,,Има,10,18,
670,ЦИФ,99,бр.            ,,Има,99,18,
671,ДЕЛИРИУМ,10,бр.            ,,Има,10,5,
672,КИБРИТ,25,бр.            ,,Има,25,18,
673,СЕНФ 50ГР ,15,бр.            ,,Има,15,10,
674,ЛЕБЛЕБИЈА МИКС 300 ГР,74,бр.            ,,Има,74,10,
675,СЕКУНДАРЕН ЛЕПАК,12,бр.            ,,Има,12,18,
676,МАРАМИЦИ БОНИ 24/1,20,бр.            ,,Има,20,18,
677,ФИДЕ ДИВЕЛА,43,бр.            ,,Има,43,5,
678,СОЛ ЕДРА 10 КГ,138,бр.            ,,Има,138,5,
679,ТЕО ШАМПОН,71,бр.            ,,Има,71,18,
680,ПЛЕСКАВИЦА РИМЕС 400ГР,92,бр.            ,,Има,92,5,
681,ФАНТ ПАПРИКАШ,60,бр.            ,,Има,60,5,
682,КРЕМ БАНАНКА 630гр,237,бр.            ,,Има,237,10,
683,КАКАО ВИТАМИНКА,50,бр.            ,,Има,50,5,
684,ВЕЦЕ СТИК НИМЕС,23,бр.            ,,Има,23,18,
685,МЕЛЕНО МЕСО МАРФИЛ 450 ГР,175,бр.            ,,Има,175,5,
686,ЈОГУРТ ШТИПСКИ,69,бр.            ,,Има,69,5,
687,ЧАЧКАЛИЦИ,10,бр.            ,,Има,10,18,
688,НИВЕА КРЕМА 75 МЛ,125,бр.            ,,Има,125,18,
689,"КНАЗ МИЛОШ 1,75",35,бр.            ,,Има,35,18,
690,БОРДС ЕВЕ 250 ГР,80,бр.            ,,Има,80,5,
691,ПЕРСИЛ 10 КГ,850,бр.            ,,Има,850,18,
692,ЕМОУШН,105,бр.            ,,Има,105,18,
693,СВЕКИ БЕЛИ,13,бр.            ,,Има,13,18,
694,ЧЕПКАЛКИ 200/1,43,бр.            ,,Има,43,18,
695,НАРЕЗАК ВЕРБЛИНСКИ 300ГР,44,бр.            ,,Има,44,5,
696,ПЧЕНКАРНО БРАШНО ЧЕЗА 500,24,бр.            ,,Има,24,5,
697,ЧОКОБИСКВИТ КУТИЈА,150,бр.            ,,Има,150,5,
698,МАСЛИНКА 181-200,185,кгр.           ,,Има,185,5,
699,ДОВЕ ДЕЗОДОРАНС,150,бр.            ,,Има,150,18,
700,УРДА 700 ЗДРАВЈЕ,156,бр.            ,,Има,156,5,
701,НАРЕЗАК АГРИКО 130 ГР,35,бр.            ,,Има,35,5,
702,"МЛЕКО ПЛАНИНСКО 2,8",63,бр.            ,,Има,63,5,
703,ЧАЈ НАНЕ АЛКАЛОИД,65,бр.            ,,Има,65,18,
704,ТУТКУ 36ГР,13,бр.            ,,Има,13,5,
705,МАСЛИНКА 250ГР БЛОНД,65,бр.            ,,Има,65,5,
706,НОБЛИЦЕ 300гр,110,бр.            ,,Има,110,10,
707,КОЛБАС ЈУНЕШКИ МЕИН,110,бр.            ,,Има,110,5,
708,МАКАРОНИ И ШПАГЕТИ БАРИЛА,95,бр.            ,,Има,95,5,
709,РИБА ОСЛИЧ ПАКУВАНА,178,кгр.           ,,Има,178,5,
710,БРУСНИЦА 100 ГР НУТИНИ,58,бр.            ,,Има,58,10,
711,РУБЕЛ 8КГ,430,бр.            ,,Има,430,18,
712,АЛУМИНИУМСКА ФОЛ 100М,340,бр.            ,,Има,340,18,
713,МАСЛИНКА 500ГР КАЛАМАТА ОЛИВЕЛО,185,бр.            ,,Има,185,5,
714,СОДА БИКАРБОНА 120 ГР ВИТАМИНКА,65,бр.            ,,Има,65,18,
715,МАСЛИНКА 500ГР КАФЕНА ОЛИВЕЛО,160,бр.            ,,Има,160,5,
716,МАРАМИЦИ БЕКУТАН 72 БР,83,бр.            ,,Има,83,18,
717,СЕНФ ГОРЧИЦА 95 ГР,28,бр.            ,,Има,28,5,
718,УЛКЕР БЕБЕ,38,бр.            ,,Има,38,5,
719,НУТЕЛА 400 ГР,170,бр.            ,,Има,170,5,
720,КИСЕЛО МЛЕКО ШТИПСКО,29,бр.            ,,Има,29,5,
721,СУЏУК МЕИН,260,кгр.           ,,Има,260,5,
722,КАШКАВАЛ КРАВЈИ ШИПКА,510,кгр.           ,,Има,510,5,
723,КОЛИНОС ПАСТА 125 МЛ,97,бр.            ,,Има,97,18,
724,ЧЕТКА ЗА ЗАБИ АСТЕРА,57,бр.            ,,Има,57,18,
725,БОНБОНИ КАФЕ 900 ГР,138,бр.            ,,Има,138,10,
726,ДИЈАМАНТ КЛАСИК МАРГАРИН,35,бр.            ,,Има,35,5,
727,КИКИРИТКИ 400 ГР ЛУШПА,77,бр.            ,,Има,77,10,
728,УРМИ 600 ГР,99,бр.            ,,Има,99,5,
729,ЛИЛА 750 СТАКЛО ПУМПА+РЕЗЕРВА,60,бр.            ,,Има,60,18,
730,СЛАНИНА ЧАДЕНА ФИ-СА,430,кгр.           ,,Има,430,5,
731,МАЈОНЕЗ ТОМИ КЕСЕ 280 МЛ,120,бр.            ,,Има,120,10,
732,КИСЕЛО БИТОЛСКО МЛЕКО,32,бр.            ,,Има,32,5,
733,ЈОГУРТ БИТОЛСКИ 1Л,75,бр.            ,,Има,75,5,
734,ГУЛАШ ОВАКО 200 ГР,82,бр.            ,,Има,82,5,
735,ЧАЈ ЕКЛАНД 350ГР,89,бр.            ,,Има,89,5,
736,ЧАЈ ШУМСКО АЛКАЛОИД,73,бр.            ,,Има,73,5,
737,ЧАЈ ЈАБОЛКО ЦИМЕТ АЛКАЛОИД,98,бр.            ,,Има,98,5,
738,БИК ЖИЛЕТЕ БЛУ,55,бр.            ,,Има,55,18,
739,ЧОКОБИСКВИТ 300ГР,127,бр.            ,,Има,127,5,
740,РЕСАНА 1 КГ,150,бр.            ,,Има,150,5,
741,АЈВАР ДИЕМ,115,бр.            ,,Има,115,5,
742,ЧОКО СТОБИ ФЛИПС 80 ГР,26,бр.            ,,Има,26,5,
743,ЗАПАЛКИ КРИКЕТ,30,бр.            ,,Има,30,18,
744,ПРЕЗИДЕНТ 140ГР,88,бр.            ,,Има,88,10,
745,КИНДЕР 50ГР,43,бр.            ,,Има,43,5,
746,БОНИ ФАЗОНИ 90 ГР,13,бр.            ,,Има,13,5,
747,ЧАЈ ШИПКА АЛКАЛОИД,75,бр.            ,,Има,75,5,
748,ЧАЈ УВЕ МИКС АЛКАЛОИД,90,бр.            ,,Има,90,5,
749,БИК 1,15,бр.            ,,Има,15,18,
750,"СИЈАЛИЦИ ОСРАМ ЛЕД 10,5В",84,бр.            ,,Има,84,18,
751,ЧАЈ ЗЕЛЕН АЛКАЛОИД,70,бр.            ,,Има,70,5,
752,МАЈОНЕЗ ВИТАНЕЗ 85 ГР,22,бр.            ,,Има,22,5,
753,СИЛАН 1 Л,130,бр.            ,,Има,130,18,
754,АФИОН 100ГР,29,бр.            ,,Има,29,10,
755,АЛВА ЗЛАТЕА 420 ГР,120,бр.            ,,Има,120,5,
756,ЈОГУРТ ЗДРАВЈЕ 1 Л,74,бр.            ,,Има,74,5,
757,ЛЕНТИ ЗА ДЕПИЛАЦИЈА,168,бр.            ,,Има,168,18,
758,БОНУКС 8 КГ,480,бр.            ,,Има,480,18,
759,КОЛБАС ПИЛЕШКИ НИКСИ,127,кгр.           ,,Има,127,5,
760,СУСАМЛИ 40 ГР,16,бр.            ,,Има,16,5,
761,МЕРИКС 6 КГ + СИЛАН,850,бр.            ,,Има,850,18,
762,ПЕРВОЛ 1 Л,100,бр.            ,,Има,100,18,
763,КУБАНИТА 100ГР,52,бр.            ,,Има,52,18,
764,МИЛКА 80 ГР,63,бр.            ,,Има,63,5,
765,"ВИЗИЈАНА 1,5Л",26,бр.            ,,Има,26,18,
766,ВЕРОНА 250ГР,50,бр.            ,,Има,50,5,
767,СИНАЛКО ПАК 2Л,160,бр.            ,,Има,160,18,
768,МИЛКА 100ГР,63,бр.            ,,Има,63,10,
769,ПАКЕТЧЕ ПИОНИР,265,бр.            ,,Има,265,5,
770,"ВИЗИЈАНА 1,5Л ПАКЕТ",120,бр.            ,,Има,120,18,
771,МАСЛИНКА 2.5 КГ ЛИМЕНКА,815,бр.            ,,Има,815,5,
772,ПАЛОМА МАРАМИЦИ 10/1,43,бр.            ,,Има,43,18,
773,ВИЗИЈАНА 6Л,77,бр.            ,,Има,77,18,
774,ГРАШОК ЈУНЕШКО ТАКОВО,83,бр.            ,,Има,83,5,
775,КРЕМ ВЕРОНА 400ГР,100,бр.            ,,Има,100,10,
776,АЛБЕНИ 31ГР,19,бр.            ,,Има,19,5,
777,МЕТРО,19,бр.            ,,Има,19,5,
778,ОРС ЗА СТАКЛО,63,бр.            ,,Има,63,18,
779,ЛЕБ СЕЧКАН ФРИ-ПЕК,33,бр.            ,,Има,33,5,
780,ШЛАГ ПЕНА ХОХВАЛД 250МЛ,66,бр.            ,,Има,66,5,
781,БОРА ПЕЛЕНИ 7-18,270,бр.            ,,Има,270,5,
782,ПЕЛЕНИ МАГНОЛИЈА 12-25,220,бр.            ,,Има,220,5,
783,ФИЗИ БУМ РОШЕН,300,кгр.           ,,Има,300,10,
784,АЛПСКА МЕИН 400ГР,120,бр.            ,,Има,120,5,
785,АГРОБЛОК 20 ГР,8,бр.            ,,Има,8,5,
786,ПИЛ ЏИГЕРИ СО СРЦЕ,65,бр.            ,,Има,65,5,
787,ЛЕБ Ж.ЛУКС 7 ДНЕВЕН,49,бр.            ,,Има,49,5,
788,ЛЕБ Ж.ЛУКС РЖАН И СО СОНЧОГЛЕД,70,бр.            ,,Има,70,5,
789,ЛЕБ РУСТИКАЛЕН ФРИ-ПЕК,50,бр.            ,,Има,50,5,
790,ЛЕБ БАВАРСКИ ГРАХАМ НОРДИК,65,бр.            ,,Има,65,5,
791,МАЈОНЕЗ МИРАНА,60,бр.            ,,Има,60,5,
792,ТУНА АДРИЈУС 98ГР,35,бр.            ,,Има,35,5,
793,ТУНАМЕЏИК 185 ПЛАВА,48,бр.            ,,Има,48,5,
794,ТУНА МЕЏИК 95 ПЛАВА,30,бр.            ,,Има,30,5,
795,ТУНА МЕЏИК 95 ЖОЛТА,48,бр.            ,,Има,48,5,
796,БОРАНИЈА 1 КГ,116,бр.            ,,Има,116,5,
797,ПЛАЗМА МИНИ,10,бр.            ,,Има,10,5,
798,ЧИНИИ ПЛАСТИЧНИ 50/1,115,бр.            ,,Има,115,18,
799,ЈОГУРТ ГОРГИЕВИ,53,бр.            ,,Има,53,5,
800,ХИМАЛАЈСКА СОЛ 350  ГР,65,бр.            ,,Има,65,5,
801,ПЧЕНИЦА 500 ГР КИБЕЛА,40,бр.            ,,Има,40,10,
802,БОН КАФЕ МИНАС 500ГР,288,бр.            ,,Има,288,18,
803,ЧИА СЕМЕ,35,бр.            ,,Има,35,10,
804,МАСЛИНКА ВАКУМ 500 ГР,165,бр.            ,,Има,165,5,
805,ПЕЛЕНИ ЕВИ БЕЈБИ 4/58БР,450,бр.            ,,Има,450,5,
806,ПЕЛЕНИ МАГНОЛИЈА 25-30,240,бр.            ,,Има,240,5,
807,АГРОПЛОД КАФЕ 100ГР,58,бр.            ,,Има,58,18,
808,АГРОПЛОД КАФЕ 180 ГР,109,бр.            ,,Има,109,18,
809,БРЕФ ГЕЛ 360МЛ,180,бр.            ,,Има,180,18,
810,САПУН МЕРИКС,99,бр.            ,,Има,99,18,
811,НИВЕА РОЛОН,180,бр.            ,,Има,180,18,
812,СОМАТ ТАБЛЕТИ 100 бр,875,бр.            ,,Има,875,18,
813,ДОВЕ САПУН,54,бр.            ,,Има,54,18,
814,ПИЛЕШКА ЕКСТРА 1+1+ЛОВЕЧКА,109,бр.            ,,Има,109,5,
815,"МАЈ ХЕРО ТЕЧЕН ДЕТЕРГЕНТ 2,750",250,бр.            ,,Има,250,18,
816,КАРНЕКС 75 ГР,22,бр.            ,,Има,22,5,
817,ЛЕБЛЕБИЈА 300 ГР,84,бр.            ,,Има,84,10,
818,СИЈАЛИЦИ ФИЛИПС,38,бр.            ,,Има,38,18,
819,АРКО КРЕМА 150МЛ,110,бр.            ,,Има,110,18,
820,КОЛБАС КРАЊСКИ,136,бр.            ,,Има,136,5,
821,ТУНА ФИЛЕ ТИМКО 185 ГР,90,бр.            ,,Има,90,5,
822,ТУНА ФИЛЕ ТИМКО 80 ГР,37,бр.            ,,Има,37,5,
823,БИК ВИЛКИНСОН,76,бр.            ,,Има,76,18,
824,СЕМКА 130ГР,47,бр.            ,,Има,47,10,
825,МЕДЕНИ 500ГР ЧОКОЛАДНИ,116,бр.            ,,Има,116,5,
826,ГРАШОК 1КГ,116,бр.            ,,Има,116,5,
827,ЗЛАТНА МЕШАВИНА 1 КГ,120,бр.            ,,Има,120,5,
828,ЧАЈ ПЛАНИНСКИ АЛКАЛОИД,82,бр.            ,,Има,82,18,
829,ВЛОШКИ ЗА ИНКОНТИН 20/1,120,бр.            ,,Има,120,5,
830,САНО ЏУС 1/4,189,бр.            ,,Има,189,18,
831,ФИНИШ РЕФУС,11,бр.            ,,Има,11,18,
832,РЕЛАКС ПАРФЕМ,190,бр.            ,,Има,190,18,
833,КАНЕЛОНИ ХЕЛИОС 250ГР,72,бр.            ,,Има,72,5,
834,ОРЕВ 200 ГР,127,бр.            ,,Има,127,5,
835,КОЛИНОС 50МЛ,40,бр.            ,,Има,40,18,
836,ОМЕКНУВАЧ АВЕО 2Л,140,бр.            ,,Има,140,18,
837,ЧЕТКА ЗА ЗАБИ АКВАФРЕШ 2/1,130,бр.            ,,Има,130,18,
838,АРКО КРЕМА ЗА БРИЧЕЊЕ 65ГР,46,бр.            ,,Има,46,18,
839,АРКО ПЕНА ЗА БРИЧЕЊЕ,115,бр.            ,,Има,115,18,
840,БАТЕРИЈА 9 В,112,бр.            ,,Има,112,18,
841,БАТЕРИЈА ЦР,35,бр.            ,,Има,35,18,
842,БАТЕРИЈА 9+4 АЛКАЛНА,149,бр.            ,,Има,149,18,
843,САРДИНА KVIN,50,бр.            ,,Има,50,5,
844,СЈАЈ ЕЛВИ 1 Л,52,бр.            ,,Има,52,18,
845,СЈАЈ ЕЛВИ 5Л,195,бр.            ,,Има,195,18,
846,ТЕЧЕН САПУН ЕЛВИ 5Л,225,бр.            ,,Има,225,18,
847,ТЕЧЕН САПУН ЕЛВИ 1Л,55,бр.            ,,Има,55,18,
848,ТАБЛЕТИ ДОМИНО 22+6,210,бр.            ,,Има,210,18,
849,ЕЛВИ ПРАШОК 2 КГ,150,бр.            ,,Има,150,18,
850,ЕЛВИ СОФТ 1Л ОМЕКНУВАЧ,100,бр.            ,,Има,100,18,
851,"БЕНЕ ЗА СТАКЛО 0,5",30,бр.            ,,Има,30,18,
852,ДОМИНО УНИВЕРЗАЛНО 1Л,90,бр.            ,,Има,90,18,
853,ДОМИНО СОФТ 3Л,186,бр.            ,,Има,186,18,
854,БЕНЕ ЗА СТАКЛО ПУМПА 500+250,55,бр.            ,,Има,55,18,
855,КИСЕЛО МЛЕКО ГОРГИЕВИ,28,бр.            ,,Има,28,5,
856,ВЕЦЕ ФРЕШ ОСВЕЖУВАЧ,25,бр.            ,,Има,25,18,
857,ЧАДЕНО ПИЛ ФИЛЕ СЕЦКАНО 100,27,бр.            ,,Има,27,5,
858,САЛФЕТИ ФРЕШ 60/1,45,бр.            ,,Има,45,18,
859,ТУДЕЈ ТОРТИЧКИ,15,бр.            ,,Има,15,5,
860,НЕОКАЛ СРЕДСТВО ЗА САНИТАРИЈА,52,бр.            ,,Има,52,18,
861,ПАЛЕТА СТИКЕРИ,27,бр.            ,,Има,27,18,
862,ПРОЛОМ ВОДА,40,бр.            ,,Има,40,18,
863,ТЕСТЕНИНИ РИСКОСА,59,бр.            ,,Има,59,5,
864,ХЕПИ КАУ 360ГР,215,бр.            ,,Има,215,5,
865,ХЕПИ КАУ 120ГР,83,бр.            ,,Има,83,10,
866,ХИМАЛАЈСКА СОЛ 500 ГР,108,бр.            ,,Има,108,5,
867,СОДА БИКАРБОНА ТАБЛЕТИ,68,бр.            ,,Има,68,18,
868,САПУН ОРС ПУМПА,60,бр.            ,,Има,60,18,
869,ПЕКАБЕСКО ЗЕЈТИН,85,бр.            ,,Има,85,5,
870,ЛЕШНИК 200ГР ВАКУМ,132,бр.            ,,Има,132,5,
871,БОЈА ЗА ЈАЈЦА ВАРЗИЛО,20,бр.            ,,Има,20,18,
872,КЕКС СЕНДВИЧ 800ГР,97,бр.            ,,Има,97,5,
873,ФРАНЦА ЧАЕН КОЛБАС 250ГР,120,бр.            ,,Има,120,5,
874,КАШКАВАЛ СЛАЈЗ,83,бр.            ,,Има,83,10,
875,СУПА БЕЧКА ПОДРАВКА,57,бр.            ,,Има,57,5,
876,ДОВЕ ТЕЧЕН САПУН 250МЛ,88,бр.            ,,Има,88,18,
877,САМ ТЕЧЕН ПРАШОК,90,бр.            ,,Има,90,18,
878,БРЕФ ВЕЦЕ 3Х50ГР,175,бр.            ,,Има,175,18,
879,ПАШТЕТА АГРИКО 130,28,бр.            ,,Има,28,5,
880,СЕТ НАРЕЗАК 3/1 ВЕРБЛИНСКИ,54,бр.            ,,Има,54,5,
881,ПЕРФЕТО СОК ОД ДОМАТИ 500,41,бр.            ,,Има,41,5,
882,ФЕЛЧЕ КУПКА,160,бр.            ,,Има,160,18,
883,АЈВАР ЛАРС 720ГР,77,бр.            ,,Има,77,5,
884,СИРЕЊЕ ЗДРАВЈЕ КРАВЈО,287,кгр.           ,,Има,287,5,
885,СЕНСОДИН ПАРАДОНТАКС,240,бр.            ,,Има,240,18,
886,КОНЕЦ ЗА ЗАБИ,134,бр.            ,,Има,134,18,
887,АКВАФРЕШ 125МЛ + ЧЕТКА,130,бр.            ,,Има,130,18,
888,ЧОКОКОРНЕТ,10,бр.            ,,Има,10,5,
889,АРЕА ЗА ПОД 1+1,110,бр.            ,,Има,110,18,
890,ЛИЛА И ГОЛФ  ОСВЕЖУВАЧ,102,бр.            ,,Има,102,18,
891,ФЕЛЧЕ ГЕЛ МЛЕКО СЕТ,233,бр.            ,,Има,233,18,
892,ФЕЛЧЕ ПЕНА ЗА БРИЧЕЊЕ,95,бр.            ,,Има,95,18,
893,ФЕЛЧЕ ОМЕКНУВАЧ 3Л,170,бр.            ,,Има,170,18,
894,БОНБОНИ ДОЛЧЕ ТОФФЕ 900,200,бр.            ,,Има,200,10,
895,ФЕЛЧЕ ШАМПОН,120,бр.            ,,Има,120,18,
896,ПЕПСИ ДУО,111,бр.            ,,Има,111,18,
897,БУРЕК,300,бр.            ,,Има,300,5,
898,КИНДЕР ЈОУ,65,бр.            ,,Има,65,5,
899,"ГАЗОЗА 0,5",30,бр.            ,,Има,30,18,
900,ЛЕНТИ ЗА ДЕПИЛАЦИЈА РЕФУС,9,бр.            ,,Има,9,18,
901,НИВЕА ГЕЛ ЗА ТУШИРАЊЕ,92,бр.            ,,Има,92,18,
902,ТОСТ ЛЕПЧИЊА ФРИ-ПЕК,40,бр.            ,,Има,40,5,
903,БОНУКС 300 ГР,37,бр.            ,,Има,37,18,
904,СИРЕЊЕ ЗДРАВЈЕ МЕШАНО,315,кгр.           ,,Има,315,5,
905,"БОНБОНИ ПАПИНЕЗ 0,9 КГ",250,бр.            ,,Има,250,10,
906,ВИВА  100% ЈАБОЛКО,60,бр.            ,,Има,60,18,
907,НОБЛИЦЕ 167 ЛЕШНИК,38,бр.            ,,Има,38,5,
908,СИНТАГМА БЕЛ КРЕМ 100ГР,60,бр.            ,,Има,60,5,
909,ТЕЧЕН САПУН ЕЛВИ 1Л ПУМПА,50,бр.            ,,Има,50,18,
910,ПОКАНА ЗА РОДЕНДЕН,3,бр.            ,,Има,3,18,
911,РАКЧИЊА ЗАМРЗНАТИ,580,бр.            ,,Има,580,5,
912,ДАФ ПЕРФЕКС 3КГ,150,бр.            ,,Има,150,18,
913,КРОКО КРЕКЕРИ,53,бр.            ,,Има,53,5,
914,ПЛИК,5,бр.            ,,Има,5,18,
915,ТЕМПЕРНИ ТОЗ,193,бр.            ,,Има,193,18,
916,ДРВЕНИ ТОЗ,76,бр.            ,,Има,76,5,
917,МОЛИВ ТОЗ,14,бр.            ,,Има,14,5,
918,ТЕТРАТКА ЗА ПОЧЕТНО,6,бр.            ,,Има,6,5,
919,ТЕТРАТКА А4,25,бр.            ,,Има,25,5,
920,ЧОКОФРУИТ КАЈСИЈА,20,бр.            ,,Има,20,10,
921,РИБИНИ ПРСТИ 250ГР,72,бр.            ,,Има,72,10,
922,ГУМЕНИ БЕБЕТО,15,бр.            ,,Има,15,10,
923,ХЕРБИНА ЕУКАЛИПТУС 80ГР,26,бр.            ,,Има,26,5,
924,ЛЕЈДИ БИРД 1 КГ,184,бр.            ,,Има,184,5,
925,РОШЕН МИКС БОНБОНИ 1 КГ,152,кгр.           ,,Има,152,5,
926,БОНБОНИ ТОО,10,бр.            ,,Има,10,10,
927,ЧАША 400МЛ 1/50,100,бр.            ,,Има,100,18,
928,ЦРН БИБЕР ВО ЗРНО 60ГР,110,бр.            ,,Има,110,5,
929,БЕЛ БИБЕР МЕЛНИЦА 60 ГР,122,бр.            ,,Има,122,5,
930,ВЕЗЕНА ПИПЕРКА ТЕГЛА,80,бр.            ,,Има,80,5,
931,МЕШАВИНА МЕЛНИЦА 120ГР,106,бр.            ,,Има,106,5,
932,РОШЕН ЕУКАЛИПТУС 1КГ,270,бр.            ,,Има,270,10,
933,ПЕРФЕКС ПРЕМИУМ 8+2,180,бр.            ,,Има,180,18,
934,РЕСКО,10,бр.            ,,Има,10,5,
935,ТАБЛЕТИ ДОМИНО РЕФУС,7,бр.            ,,Има,7,18,
936,ЕУРОВАФЕЛ ЧОКО 45ГР,23,бр.            ,,Има,23,10,
937,ОРНЕЛ 2Л,158,бр.            ,,Има,158,18,
938,БОХОР 35МЛ,10,бр.            ,,Има,10,18,
939,ЖИЦА ТОП СТАР 2/1,30,бр.            ,,Има,30,18,
940,ПУФ  и  ЏИН ЕТИ,10,бр.            ,,Има,10,5,
941,ГОВЕДСКА МОРТАДЕЛА ,330,кгр.           ,,Има,330,5,
942,ГОВЕДСКИ ТЕНОК КОЛБАС,207,кгр.           ,,Има,207,5,
943,ПОТПАЛУВАЧ ЗА ОГАН,175,бр.            ,,Има,175,18,
944,ПРЕТИ НОРМАЛ БЕЗ КРИЛЦА,85,бр.            ,,Има,85,5,
945,КАРАМЕЛ КИМ 300 ГР,70,бр.            ,,Има,70,5,
946,РОШЕН ЕЛЕГАНТ 145 ГР,200,бр.            ,,Има,200,10,
947,МОРТАДЕЛА СВИНСКА,219,кгр.           ,,Има,219,5,
948,КОНФЕТО 156 ГР,47,бр.            ,,Има,47,5,
949,НЕСКВИК 120ГР,52,бр.            ,,Има,52,5,
950,ЧАШИ ПВЦ 1/7,32,бр.            ,,Има,32,5,
951,ЈАДРАН ВАФЕЛ 45ГР,15,бр.            ,,Има,15,5,
952,НАПОЛИТАНКА ЕУРОВАФЕЛ 180ГР,58,бр.            ,,Има,58,5,
953,КРЕКЕРИ ПЕРЕЦИ СЛ 200ГР,32,бр.            ,,Има,32,5,
954,ШАМПОН ШАУМА,110,бр.            ,,Има,110,18,
955,МЕИН ПЕЧЕНИЦА СЛАЈС 150ГР,61,бр.            ,,Има,61,5,
956,МЕИН МОРТАДЕЛА СЛАЈС 150ГР,42,бр.            ,,Има,42,5,
957,МЕИН СВ.БУТ 150ГР,56,бр.            ,,Има,56,5,
958,КРЕМ БЛОК ТАКОВО 4/1,30,бр.            ,,Има,30,5,
959,ТОАЛЕТ ФАМИЛИ 8/1,104,бр.            ,,Има,104,18,
960,ТОАЛЕТ КАМЕЛИЈА 4/1,35,бр.            ,,Има,35,18,
961,ФАМИЛИ БРИШАЧИ 4/1,98,бр.            ,,Има,98,18,
962,ФАМИЛИ БРИШАЧ ДЕТЕРГЕНТ,92,бр.            ,,Има,92,18,
963,ФАМИЛИ БРИШАЧ ЏАМБО,138,бр.            ,,Има,138,18,
964,БЕЛА СЕКОЈДНЕВНИ ВЛОШКИ,26,бр.            ,,Има,26,5,
965,КАКАО АГРОПЛОД,85,бр.            ,,Има,85,5,
966,СЕНДВИЧ КОЛАЧИЊА 2 ГООД,42,бр.            ,,Има,42,5,
967,ВЕЦЕ ДАК,34,бр.            ,,Има,34,18,
968,КОЛАЧИЊА 2 ГООД,44,бр.            ,,Има,44,5,
969,АКВА ФРЕШ 75МЛ,65,бр.            ,,Има,65,18,
970,АТЛАНТИС 230ГР,242,бр.            ,,Има,242,10,
971,"КИСЕЛО ЕКСТРА БИТОЛСКО,ШИПКА",22,бр.            ,,Има,22,5,
972,СОДА БИКАРБОНА 4+1 ВИТАМИНКА,20,бр.            ,,Има,20,18,
973,МАГИ КРЕМ СУПА ОД ПЕЧУРКИ,42,бр.            ,,Има,42,5,
974,МЕИН СЛАНИНА 150ГР СЛАЈС,107,бр.            ,,Има,107,5,
975,РОШЕН ЧОКОКРЕЈЗИ 1КГ,253,бр.            ,,Има,253,5,
976,РОШЕН ЕУКАЛИПТУС 200ГР,60,бр.            ,,Има,60,10,
977,РОШЕН БИМ-БОМ 200ГР,60,бр.            ,,Има,60,10,
978,ЛЕБ ФРИ-ПЕК ДОМАШЕН,36,бр.            ,,Има,36,5,
979,САЛАТА АЛОРА ТЕГЛА,83,бр.            ,,Има,83,10,
980,АЛОРА ПИПЕРКА ФИЛЕТА ТЕГЛА,88,бр.            ,,Има,88,5,
981,СУНГЕР ВУДС 3/1,25,бр.            ,,Има,25,18,
982,РОШЕН МЛ.БАР 43,26,бр.            ,,Има,26,5,
983,РОНДО Ц,18,бр.            ,,Има,18,5,
984,БАЛОН БАСКЕТ,10,бр.            ,,Има,10,18,
985,БАЛОН 5,5,бр.            ,,Има,5,18,
986,ЧАЈНА МЕИН ВАКУМ,405,бр.            ,,Има,405,5,
987,МАСЛИНКА ВАКУМ 200,60,бр.            ,,Има,60,5,
988,СЛИВА СУВА 200,88,бр.            ,,Има,88,10,
989,СЕТ НЕКТАР ЛАЈФ 1+1,122,бр.            ,,Има,122,18,
990,БРАШНО ЖИТО ЛУКС 4/1,124,бр.            ,,Има,124,5,
991,ПИЛЕШКИ МЕДАЉОНИ,240,бр.            ,,Има,240,5,
992,ЛЕДЕН ЧАЈ И ДВОЈНИ Ц ФРУКТАЛ,42,бр.            ,,Има,42,5,
993,КЕБАП ПРОМЕС,113,бр.            ,,Има,113,5,
994,КОЛБАС СТОЧАР,282,кгр.           ,,Има,282,5,
995,ПЛЕСКАВИЦА АЈДУЧКА,110,бр.            ,,Има,110,5,
996,БАНАНИТА БАНАНКИ 510ГР,135,бр.            ,,Има,135,5,
997,ПАЛЕНТА МАКС,24,бр.            ,,Има,24,5,
998,"ГАЗОЗА 1,75 ДУО",93,бр.            ,,Има,93,18,
999,СУЏУК ПКБ,230,бр.            ,,Има,230,5,
1000,РОШЕН КРЕАМЕЛ,540,бр.            ,,Има,540,5,
1001,ЗОТТ ПУДИНГ СО ШЛАГ,20,бр.            ,,Има,20,10,
1002,КОЦКИ ЗА ПОТПАЛОК,50,бр.            ,,Има,50,18,
1003,ХЕПИ ТЕМНО ЧОКОЛАДО 80ГР,83,бр.            ,,Има,83,5,
1004,ЖИТОМИР ЧОКОЛАДНИ БОНБОНИ,170,бр.            ,,Има,170,10,
1005,МОНИ 75ГР,40,бр.            ,,Има,40,5,
1006,ДАРИЈА ТЕМНО ЧОКОЛАДО,40,бр.            ,,Има,40,5,
1007,ВИРШЛА РЕФУС,100,кгр.           ,,Има,100,5,
1008,КРЕМ БЛОК ТАКОВО 4/1,58,бр.            ,,Има,58,5,
1009,ЛИКВИД РОЛОН,65,бр.            ,,Има,65,10,
1010,ИНКАФЕ 100ГР ПРЕМИУМ,163,бр.            ,,Има,163,10,
1011,ШЕКЕР КОЦКА,102,бр.            ,,Има,102,5,
1012,САМУРАЈ 2,13,бр.            ,,Има,13,18,
1013,ЗАЧИН МАК 200ГР,10,бр.            ,,Има,10,5,
1014,ПЕЛЕНИ ЕЛАН,70,бр.            ,,Има,70,5,
1015,КИКИ СТАПЧИЊА 200 ГР,62,бр.            ,,Има,62,5,
1016,ОРИЗ БОН 800ГР,78,бр.            ,,Има,78,5,
1017,ЖЕЛЕ 200ГР БЛАГОЈ ГОРЕВ,53,бр.            ,,Има,53,10,
1018,НАРЕЗАК 100ГР ПКБ,25,бр.            ,,Има,25,5,
1019,Двопек Ети,57,бр.            ,,Има,57,5,
1020,НОВОГОДИШНО ПАКЕТЧЕ ,460,бр.            ,,Има,460,5,
1021,МАСЛИНКА 170,176,кгр.           ,,Има,176,5,
1022,ФЛИПС 40г,15,бр.            ,,Има,15,5,
1023,МАСЛИНКА ЗЕЛЕНА КОФИЧКА,100,бр.            ,,Има,100,5,
1024,ШЕКЕР 1КГ,63,бр.            ,,Има,63,5,
1025,ДУРУ СЕТ,172,бр.            ,,Има,172,18,
1026,АРКО КРЕМА ЗА БРИЧЕЊЕ 100ГР,60,бр.            ,,Има,60,18,
1027,СИЈАЛИЦИ 4Х ОСРАМ,164,бр.            ,,Има,164,18,
1028,ЧЕТКА ЗА ЗАБИ АКВАФРЕШ ДЕТСКА,185,бр.            ,,Има,185,18,
1029,ЧЕТКА ЗА ЗАБИ АКВАФРЕШ,47,бр.            ,,Има,47,18,
1030,АРИС РЕЗЕРВА,135,бр.            ,,Има,135,18,
1031,МАСЛИНКА КАЛАМАТА 291-230,116,бр.            ,,Има,116,5,
1032,МИЛЕНИУМ ЧОКОЛ. БОНБОНИ 500ГР,216,кгр.           ,,Има,216,5,
1033, ПОМФРИТ ЛУТОСА 115,132,бр.            ,,Има,132,5,
1034,МАСТИКИ ЧУПА ЧУПС,23,бр.            ,,Има,23,10,
1035,ГОВЕДСКА ПЛЕШКА,360,бр.            ,,Има,360,5,
1036,ПИЛЕШКИ ПАРЧИЊА ОД БЕЛО МЕСО,150,кгр.           ,,Има,150,5,
1037,КЕКСИ СЕНДВИЧ 350ГР,90,бр.            ,,Има,90,5,
1038,ДУЕЛ 8КГ,700,бр.            ,,Има,700,18,
1039,ГУЛАШ 400ГР УНГАРСКИ,102,бр.            ,,Има,102,5,
1040,ЛОВЈУ ДУО,19,бр.            ,,Има,19,10,
1041,БИЗИМ СУПА,31,бр.            ,,Има,31,5,
1042,МАСЛИНКА 250ГР КАЛАМАТА И НАТУРАЛНА,92,бр.            ,,Има,92,5,
1043,ГО-ТИНИ,68,бр.            ,,Има,68,5,
1044,МАРАМИЦИ БЕКУТАН 2х64,145,бр.            ,,Има,145,18,
1045,"СИНАЛКО 1,250",30,бр.            ,,Има,30,18,
1046,ПЕРСИЛ 2КГ,292,бр.            ,,Има,292,18,
1047,ПЕРСИЛ 3Л,487,бр.            ,,Има,487,18,
1048,КЕНТ ТРИКС 300ГР,92,бр.            ,,Има,92,5,
1049,КЕНТ ТРИКС 9ГР,5,бр.            ,,Има,5,5,
1050,МАКАРОНИ ПЕРФЕТО,50,бр.            ,,Има,50,5,
1051,МАРАМИЦИ БОРА 2+1,94,бр.            ,,Има,94,18,
1052,ХАЛК ЈЕСЕМ 216ГР,39,бр.            ,,Има,39,5,
1053,ТИД БИД,20,бр.            ,,Има,20,5,
1054,СНИКЕРС 4/1,108,бр.            ,,Има,108,5,
1055,УКРАСНА КЕСА ЗА ВИНО,30,бр.            ,,Има,30,18,
1056,МАЈОНЕЗ ПОЛИМАРК 45ГР,15,бр.            ,,Има,15,10,
1057,МАЈОНЕЗ ТОМИ 80ГР,21,бр.            ,,Има,21,5,
1058,МАГИ ПИЛЕШКА БИСТРА СУПА 40ГР,14,бр.            ,,Има,14,5,
1059,КИТ КАТ,24,бр.            ,,Има,24,5,
1060,ЛИОН 42ГР,18,бр.            ,,Има,18,5,
1061,КИТ КАТ 3/1,54,бр.            ,,Има,54,5,
1062,НЕСКАФЕ 50ГР КЕСА,80,бр.            ,,Има,80,5,
1063,НЕСКАФЕ 50ГР ЛИМЕНКА,104,бр.            ,,Има,104,5,
1064,ШАМПОН ХЕДЕН ШОЛТЕРС ,175,бр.            ,,Има,175,18,
1065,ПАРИЗЕР ПКБ,109,бр.            ,,Има,109,5,
1066,ЧОКОЛАДО ЗА ГОТВЕЊЕ СЛ ПОСНО,32,бр.            ,,Има,32,5,
1067,ВИЛКИНСОН 6/1,300,бр.            ,,Има,300,18,
1068,РОШЕН КРЕЈЗИ БИ ЈЕЛИ 200ГР,70,бр.            ,,Има,70,10,
1069,ЛООП КЕЈК,12,бр.            ,,Има,12,5,
1070,РОШЕН ЛОЛИ ПОПС 1КГ,200,бр.            ,,Има,200,5,
1071,ПЕТИТ ВИКИ 200ГР,19,бр.            ,,Има,19,5,
1072,ПЕЧУРКИ  ТЕГЛА 720ГР,128,бр.            ,,Има,128,10,
1073,МОЕ КОЛАЧЕ ГУРАБИЈА 2КГ,133,кгр.           ,,Има,133,5,
1074,МАРАМИЦИ БЕЈБИ КЕАР 72/1,48,бр.            ,,Има,48,18,
1075,БИОАКТИВ 6КГ,290,бр.            ,,Има,290,18,
1076,ПАСКАЛИН 100Г,42,бр.            ,,Има,42,18,
1077,ПАСКАЛИН 200г,81,бр.            ,,Има,81,18,
1078,АЛВА 30ГР,10,бр.            ,,Има,10,5,
1079,ИНЛОТ ПРАШОК 9КГ,415,бр.            ,,Има,415,18,
1080,"ДУЕЛ ОМЕКНУВАЧ 1,6",250,бр.            ,,Има,250,18,
1081,ДОВ КУПКА 600МЛ,199,бр.            ,,Има,199,18,
1082,ВРЕКИ ЗА ГУБРЕ 150Л,47,бр.            ,,Има,47,18,
1083,ТОРТА БАЛКОНИ ,128,бр.            ,,Има,128,5,
1084,НОВОСАДСКА 300 МЕИН,120,бр.            ,,Има,120,5,
1085,ПЕРФЕТО КРЕМА ЗА ГОТВЕНЈЕ 500ГР,107,бр.            ,,Има,107,5,
1086,ПРИМА ГАСТРО КРЕМ  200МЛ,38,бр.            ,,Има,38,5,
1087,"ПАНИРАНИ ПИЛЕШКИ ПАРЧИЊА 0,5КГ",186,бр.            ,,Има,186,5,
1088,ДОВЕ КРЕМА 300МЛ,179,бр.            ,,Има,179,18,
1089,РЕСАНА 600ГР,90,бр.            ,,Има,90,5,
1090,ФЕФЕРОНИ ДАУТИ,59,бр.            ,,Има,59,5,
1091,ЖАКО КОЦКИ,7,бр.            ,,Има,7,10,
1092,ВИВА 1Л АЦЕ,53,бр.            ,,Има,53,18,
1093,МАРГАРИН ДИЈАМАНТ 500Г,49,бр.            ,,Има,49,5,
1094,ОРБИТ МИНИ,10,бр.            ,,Има,10,5,
1095,ГРИЦКИ ЕЛЕФАНТ,18,бр.            ,,Има,18,5,
1096,"ОРНЕЛ 4,5 л",220,бр.            ,,Има,220,18,
1097,ДОВЕ СТИК,126,бр.            ,,Има,126,18,
1098,МАЈ ТАЈМ 90ГР ЧОКОЛАДО,26,бр.            ,,Има,26,10,
1099,АРКО БАЛСАМ,50,бр.            ,,Има,50,18,
1100,"МЕГЛЕ 0,5",95,бр.            ,,Има,95,18,
1101,ВИКА БЕЛА 600ГР,105,бр.            ,,Има,105,5,
1102,БРАУНИ180ГР,87,бр.            ,,Има,87,5,
1103,СУПА БИЗИМ ,35,бр.            ,,Има,35,5,
1104,КЕНТ ЧОКОГРАНУЛИ 300ГР,115,бр.            ,,Има,115,5,
1105,ПЕЧУРКИ 400ГР,50,бр.            ,,Има,50,5,
1106,КАРАМЕЛ 900 ГР МИРАНА,112,бр.            ,,Има,112,5,
1107,ТОАЛЕТ ЛЕДА 10/1 ТРИ СЛОЈА,109,бр.            ,,Има,109,18,
1108,КАРТОНСКАТАЦНА БР 4,40,бр.            ,,Има,40,18,
1109,"ФАНТА 1,25",45,бр.            ,,Има,45,18,
1110,"ФАНТА 1,75",55,бр.            ,,Има,55,18,
1111,"ШВЕПС 1,5",65,бр.            ,,Има,65,18,
1112,"ФАНТА 0,5",35,бр.            ,,Има,35,18,
1113,"КОКА КОЛА 0,5",35,бр.            ,,Има,35,18,
1114,"КОКА КОЛА 1,25",50,бр.            ,,Има,50,18,
1115,"КОКА КОЛА 1,75",65,бр.            ,,Има,65,18,
1116,ЕКСТРИМ ПАРФЕМ 50МЛ,179,бр.            ,,Има,179,18,
1117,КАРТОНСКИ ТАЦНИ 2,25,бр.            ,,Има,25,18,
1118,ПОСЕБНА МЕИН 800ГР,156,бр.            ,,Има,156,5,
1119,ПИЛ СТЕК 2КГ ,506,бр.            ,,Има,506,5,
1120,АТЛАНТИС ЛИМЕНКА 200ГР,185,бр.            ,,Има,185,5,
1121,"СИНАЛКО ЛЕДЕН ЧАЈ 1,5 Л",60,бр.            ,,Има,60,18,
1122,СЈАЈ ЛИЛА 3Л,100,бр.            ,,Има,100,18,
1123,КИСЕЛО ОВЧЈО БУЧЕН КОЗЈАК,73,бр.            ,,Има,73,5,
1124,АГРОБЛОК 40ГР,13,бр.            ,,Има,13,5,
1125,СУПА ПЕТЕЛ ПОДРАВКА 5+1,190,бр.            ,,Има,190,5,
1126,МАГИ ШПАГЕТИ БОЛОЊЕЗЕ,68,бр.            ,,Има,68,10,
1127,БАЛАНС +  и 10 ВИТАМИНИ 1л,90,бр.            ,,Има,90,5,
1128,"МОЈА КРАВИЦА 2,8",71,бр.            ,,Има,71,5,
1129,КАПИНА 300г,31,бр.            ,,Има,31,5,
1130,ЦРНА МАСЛИНКА 500г КИСИ,140,бр.            ,,Има,140,5,
1131,ПАПАГЕНА,107,бр.            ,,Има,107,10,
1132,КАФЕ ГРАНД АРОМА 2Х200 ПОСЛУЖОВНИК,184,бр.            ,,Има,184,18,
1133,КИКИРИТКИ 800ГР СИРОВИ,140,бр.            ,,Има,140,5,
1134, СОЛЕНКИ СО СУСАМ 200ГР,25,бр.            ,,Има,25,5,
1135,ЛИЖАЛКА ЗА 10,10,бр.            ,,Има,10,10,
1136,ЧИПС ВИПА 18г,5,бр.            ,,Има,5,5,
1137,ЧИПС ПАВЛАКА 140ГР,88,бр.            ,,Има,88,10,
1138,ЧИПС ВИПА 20г,10,бр.            ,,Има,10,5,
1139,НИВЕА ДЕЗОДОРАНС,109,бр.            ,,Има,109,18,
1140,ЛИНЕА 52г,15,бр.            ,,Има,15,5,
1141,"МЛЕКО МИК  И МИЗО 3,2",47,бр.            ,,Има,47,5,
1142,КОКОС ЕДЕН ЏОИ,7,бр.            ,,Има,7,10,
1143,ЗАПАЛКА ЗА ПЛИН,95,бр.            ,,Има,95,18,
1144,БРИОН 150+50МЛ,115,бр.            ,,Има,115,18,
1145,БРИОН ЛОСИОН 110МЛ,68,бр.            ,,Има,68,18,
1146,ЛУЦИЈА 300г,60,бр.            ,,Има,60,5,
1147,"ПЕРВОЛ 1,980Л",270,бр.            ,,Има,270,18,
1148,ПЕРВОЛ 3Л,282,бр.            ,,Има,282,18,
1149,СЕТ БИТОЛСКО МЛЕКО 4/1,252,бр.            ,,Има,252,5,
1151,ЧОКОЛАДНО МЛЕКО 1л,75,бр.            ,,Има,75,18,
1152,СЕТ ПИЛЕШКА ЕКСТРА И ПАШТЕТА,145,бр.            ,,Има,145,5,
1153,НЕКТАР 2Х 1Л,70,бр.            ,,Има,70,18,
1154,"НЕКТАР  1,5 л",54,бр.            ,,Има,54,18,
1155,КАКАО КРАШ,102,бр.            ,,Има,102,5,
1156,ШАРЕНА СОЛ,46,бр.            ,,Има,46,5,
1157,СТИКЕРИ СМЕШКОВЦИ,26,бр.            ,,Има,26,18,
1158,ФРОНДИ,110,бр.            ,,Има,110,5,
1159,ПЕЛЕНИ МАГНОЛИЈА 9-18,150,бр.            ,,Има,150,5,
1160,СИРЕЊЕ ШАРСКО,324,кгр.           ,,Има,324,5,
1161,КОПАН ПАКУВАН,132,кгр.           ,,Има,132,5,
1162,ПУЦКАЛКИ,5,бр.            ,,Има,5,5,
1163,ЗАЧИНАЛ 2Х250,97,бр.            ,,Има,97,5,
1164,БЕКУТАН КРЕМА 50МЛ,70,бр.            ,,Има,70,18,
1165,ОЛВЕЈС,85,бр.            ,,Има,85,18,
1166,ПЕЛЕНИ ЕЛАН 16 +,200,бр.            ,,Има,200,5,
1167,БИЛЈАНА ПРАШОК 200ГР,19,бр.            ,,Има,19,18,
1168,НЕСКВИК 500,153,бр.            ,,Има,153,5,
1169,СУПА МАГИ ПИЛЕШКА,21,бр.            ,,Има,21,5,
1170,КАШКАВАЛ БУЧЕН КОЗЈАК,570,кгр.           ,,Има,570,5,
1171,КИНДЕР БУЕНО,52,бр.            ,,Има,52,5,
1172,ПОСЕБНА МЕИН 350ГР ПИЛЕШКА,56,бр.            ,,Има,56,5,
1173,СТИКЕРИ ПЕПЕРУТКИ,33,бр.            ,,Има,33,18,
1174,РИБАЧКА ЧЕТКА,100,бр.            ,,Има,100,18,
1175,КРОАСАН 300ГР,66,бр.            ,,Има,66,5,
1176,"МЕРИКС ГЕЛ 0,855",220,бр.            ,,Има,220,18,
1177,"БРЕФ ВЦ ГЕЛ 0,700",80,бр.            ,,Има,80,18,
1178,ПЕРСИЛ 8 КГ + КОРПА,1000,бр.            ,,Има,1000,18,
1179,"ЈАФА  МУЛТИ И АРОНИЈА 1,5л",40,бр.            ,,Има,40,18,
1180,ФРУКТАЛ ЛИМОНАДА И МАЛИНА1Л,72,бр.            ,,Има,72,18,
1181,"НЕКТАР ПРАСКА 1,5Л",88,бр.            ,,Има,88,18,
1182,"ШВЕПС 0,5",35,бр.            ,,Има,35,18,
1183,"СПРАЈТ 1,75",55,бр.            ,,Има,55,18,
1184,СЕНФ ТОМИ 280гр,135,бр.            ,,Има,135,10,
1185,КОРПА ЕКО ПЛАТНЕНА,10,кгр.           ,,Има,10,18,
1186,КОЛБАС ГОВЕДСКИ НИКСИ,152,кгр.           ,,Има,152,5,
1187,ЛОКУМ 400ГР ,66,бр.            ,,Има,66,5,
1188,ФИЛЕТИ ПИЛЕШКИ ВО СОС 160ГР,100,бр.            ,,Има,100,5,
1189,ПЕЛЕНИ ЕВИ БЕЈБИ 6/28,339,бр.            ,,Има,339,5,
1190,ПЕПСИ ГАЗОЗА ЛИМЕНКА,30,бр.            ,,Има,30,18,
1191,ТИПСО 900МЛ,97,бр.            ,,Има,97,18,
1192,"ПЕЛИСТЕРКА ОБИЧНА 4/1 2,5л",100,бр.            ,,Има,100,18,
1193,СУПА АЛПСКА ГОВЕДСКА,54,бр.            ,,Има,54,5,
1194,ВИТАНОВА 6/1,42,бр.            ,,Има,42,5,
1195,ЛЕБЛЕБИЈА 200ГР БЛАНКО ФОЛИЈА,50,бр.            ,,Има,50,5,
1196,РОШЕН ФРУТ БЕРИ МИКС 200 ГР,80,бр.            ,,Има,80,10,
1197,ЧАДОР МАЛ,150,бр.            ,,Има,150,18,
1198,МАСЛИНКА КАЛАМАТА 500 ГР,165,бр.            ,,Има,165,5,
1199,САВЕКС 8кг,614,бр.            ,,Има,614,18,
1200,ЕМОУШН СОФТ ЖЕНСКИ СЕТ,280,бр.            ,,Има,280,18,
1201,МОТТО ВАФЛИ 34ГР,15,бр.            ,,Има,15,5,
1202,"ТЈУБ 1,5Л",60,бр.            ,,Има,60,18,
1203,ЗАЧИНАЛ 1КГ,133,бр.            ,,Има,133,5,
1204,ЕМОУШН 1+1,240,бр.            ,,Има,240,18,
1205,ЧАЈНИ КОЛАЧИ ДОНИА 350ГР,72,бр.            ,,Има,72,5,
1206,ГРАВ КИБЕЛА 500ГР,62,бр.            ,,Има,62,5,
1207,КАРНЕКС ГУЛАШ ГОВЕДСКИ 400ГР,120,бр.            ,,Има,120,5,
1208,КАРНЕКС ГУЛАШ СВИНСКИ 400 ГР,99,бр.            ,,Има,99,5,
1209,КАРНЕКС МЕСЕН ПРЕЛИВ,83,бр.            ,,Има,83,5,
1210,ХЕПИ ЧОКОЛАДО 230ГР ЛЕШНИК,174,бр.            ,,Има,174,5,
1211,ПЕРВОЛ 4Л,405,бр.            ,,Има,405,18,
1212,ЗАМРЗНАТ ПИЛЕШКИ КОЛБАС,308,кгр.           ,,Има,308,5,
1213,"ПЛЕСКАВИЦА ,КЕБАП БДА",295,кгр.           ,,Има,295,5,
1214,КОКО МАДАМ БАЛСАМ ЗА КОСА 500МЛ,93,бр.            ,,Има,93,18,
1215,ЧАДЕНА ШУНКА ДЕЛУКС,320,кгр.           ,,Има,320,5,
1216,ФЛИПС ЛЕТТО 18ГР,5,бр.            ,,Има,5,10,
1217,ЕВРИ ДЕЈ  ДАБЛ ДРАЈ,190,бр.            ,,Има,190,18,
1218,ПАСКАЛИН 5+1,45,бр.            ,,Има,45,5,
1219,"ГАЗОЗА 1,5Л",41,бр.            ,,Има,41,18,
1220,ЧАЈНА ГАВРИЛОВИЧ 80ГР,61,бр.            ,,Има,61,5,
1221,"ПЕПСИ 1,25Л",50,бр.            ,,Има,50,18,
1222,"МИРИНДА  1,75",56,бр.            ,,Има,56,18,
1223,ЦВЕКЛО ЛАРС,37,бр.            ,,Има,37,5,
1224,МИЛ РЕРНА 200МЛ,40,бр.            ,,Има,40,18,
1225,ЧАЈНИ КОЛАЧИ КОНДИСА,100,бр.            ,,Има,100,5,
1226,"ЛОСОС 2,9",324,бр.            ,,Има,324,5,
1227,СУБРИНА 250 МЛ,125,бр.            ,,Има,125,18,
1228,"УРДА БУЧЕН КОЗЈАК 0,5",61,бр.            ,,Има,61,5,
1229,БЕНЕ ЗА ПЛОЧКИ,62,бр.            ,,Има,62,18,
1230,ЛЕШНИК 100ГР,65,бр.            ,,Има,65,10,
1231,ФСТАК 100ГР,89,бр.            ,,Има,89,10,
1232,ИНДИСКИ ОРЕВ,60,бр.            ,,Има,60,5,
1233,БАСТУНЧЕ,7,бр.            ,,Има,7,10,
1234,"УРДА ЃОРЃИЕВИ ВАКУМ 0,5",73,бр.            ,,Има,73,5,
1235,"ВИЗИЈАНА ЛИМОН 1,5Л",28,бр.            ,,Има,28,18,
1236,КРОФНА ФРИ-ПЕК,30,бр.            ,,Има,30,5,
1237,РУБЕЛ 10кг,540,бр.            ,,Има,540,18,
1238,БЕЛА НАЈТ ВЛОШКИ,77,бр.            ,,Има,77,5,
1239,ВИВА  ФРУТИ 2Л,101,бр.            ,,Има,101,18,
1240,НЕСКАФЕ СЕНЗАЦИОНЕ 200ГР,307,бр.            ,,Има,307,5,
1241,СПИН 450,53,бр.            ,,Има,53,18,
1242,БОРА ТЕЧЕН САПУН ПУМПА,55,бр.            ,,Има,55,18,
1243,СОМАТ 90 ТАБЛЕТИ,830,бр.            ,,Има,830,18,
1244,БРЕФ 4Х 50ГР,68,бр.            ,,Има,68,18,
1245,ПИЛКА ОВАКО,16,бр.            ,,Има,16,5,
1246,ОМЕКНУВАЧ ДАМИНА,115,бр.            ,,Има,115,18,
1247,РОШЕН БАБЛ БЕЛО,50,бр.            ,,Има,50,10,
1248,НЕС КАФЕ ГОЛД 75 ГР,128,бр.            ,,Има,128,5,
1249,ЈАЈЦА С,5,бр.            ,,Има,5,5,
1250,"МЕРИКС 7,2КГ",850,бр.            ,,Има,850,18,
1251,МЕРИКС ТЕЧЕН,90,бр.            ,,Има,90,18,
1252,ЈУФКА МАРЧЕЛА 2+МАКАРОНИ,131,бр.            ,,Има,131,5,
1253,БРАШНО КАДИНО 1КГ,32,бр.            ,,Има,32,5,
1254,СИРИШТЕ 1Л,200,бр.            ,,Има,200,18,
1255,ПЕЧУРКИ 5КГ,500,бр.            ,,Има,500,5,
1256,ШТРУДЛА 800ГР,192,бр.            ,,Има,192,5,
1257,ШТРУДЛА 19ГР,5,бр.            ,,Има,5,5,
1258,БОТТОНИ ПИНАТ 180ГР,47,бр.            ,,Има,47,5,
1259,СИРУП ИНО СПЕКТАР ,115,бр.            ,,Има,115,5,
1260,СУВО ГРОЗЈЕ БЕЛО 100ГР,25,бр.            ,,Има,25,5,
1261,ПОГАЧА,90,бр.            ,,Има,90,5,
1262,ЛЕБ Ж.ЛУКС 6 СЕМИЊА,48,бр.            ,,Има,48,5,
1263,ЗАЧИН ЗА ПИЛЕШКО ПИКАНТ 60ГР,54,бр.            ,,Има,54,5,
1264,МУЛТИ МИКС 380ГР,52,бр.            ,,Има,52,5,
1265,СЈАЈ АБЦ ,60,бр.            ,,Има,60,18,
1266,КАПАЧКИ ЗА ТЕГЛИ,5.5,бр.            ,,Има,5.5,18,
1267,КЕЧАП 3Л МИРАНА,190,бр.            ,,Има,190,5,
1268,САЛИЦИЛ,22,бр.            ,,Има,22,18,
1269,КАПАЧКИ ЗА ТЕГЛА 10/1,55,бр.            ,,Има,55,18,
1270,АРИЕЛ КАПСУЛИ 12БР,175,бр.            ,,Има,175,18,
1271,МАСЛИНКА  ЦРНА РАЗМЕР,326,кгр.           ,,Има,326,5,
1272,КИКИРИТКА 350ГР ВАКУМ,72,бр.            ,,Има,72,10,
1273,САВО ПРОТИВ МУВЛА,205,бр.            ,,Има,205,18,
1274,КВИКИ ГРИЦ 100ГР,52,бр.            ,,Има,52,5,
1275,ТЕТ А ТЕТ 100ГР  САПУН,16,бр.            ,,Има,16,18,
1276,ФИНИШ 60,390,бр.            ,,Има,390,18,
1277,МИНТЕКС ЕКСТРА СТРОНГ 20ГР,10,бр.            ,,Има,10,5,
1278,СОДА БИКАРБОНА 500 АЛКАЛОИД,62,бр.            ,,Има,62,18,
1279,МАСЛИНКА ПИПЕРКА 400 ВАКУМ,115,бр.            ,,Има,115,5,
1280,"АЛПСКО 3,5",71,бр.            ,,Има,71,5,
1281,ЛЕБ ИТАЛИЈАНСКИ 500Г,37,бр.            ,,Има,37,5,
1282,ГЛЕЈД СПРЕЈ,105,бр.            ,,Има,105,18,
1283,ЧЕТКА ПАРАДОНТАКС,175,бр.            ,,Има,175,18,
1284,СПАРТА ГОЛД ЕКСТРА ВИР МАСЛИНОВО,257,бр.            ,,Има,257,5,
1285,ПУКАНКИ МАКС,20,бр.            ,,Има,20,5,
1286,ТЕМПО,10,бр.            ,,Има,10,5,
1287,КАРАМЕЛА ДАМЛА,200,бр.            ,,Има,200,10,
1288,КОРНИШОНИ АЛОРА,82,бр.            ,,Има,82,5,
1289,ЛОКУМ ТУРСКИ СО ФСТАК 200ГР,190,бр.            ,,Има,190,10,
1290,ЕКСЕНЦИЈА,42,бр.            ,,Има,42,18,
1291,РОШЕН ЈЕЛИ 1КГ,260,бр.            ,,Има,260,10,
1292,ДИПЛО ОДМРСНУВАЧ 750МЛ,125,бр.            ,,Има,125,18,
1293,ЛИОН ЧЕРАЛИ,192,бр.            ,,Има,192,5,
1294,ПЧЕНКА 170ГР,40,бр.            ,,Има,40,5,
1295,ПЕРФЕТО ГРАШОК 400ГР,42,бр.            ,,Има,42,5,
1296,ЏИЏИ БЕБЕ,40,бр.            ,,Има,40,5,
1297,СУЏУК 400ГР МЕИН,160,бр.            ,,Има,160,5,
1298,ТОРТЕЛИНИ 250ГР,103,бр.            ,,Има,103,10,
1299,БАШ АЈВАР,235,бр.            ,,Има,235,5,
1300,ПЕРФЕКС ПРЕМИУМ 4/1,55,бр.            ,,Има,55,18,
1301,"ЈУНЕШКИ КОЛБАС 0,700",163,кгр.           ,,Има,163,5,
1302,ГОЛДЕН ОИЛ И САНИ,75,бр.            ,,Има,75,5,
1303,"БИТОЛСКИ ЈОГУРТ 1,5л",90,бр.            ,,Има,90,5,
1304,ЧАЈ КАМИЛИЦА ЈУМИС,35,бр.            ,,Има,35,5,
1305,КАФЕ ГРАНД 2Х 200 ГОЛД + КУТИЈА,180,бр.            ,,Има,180,18,
1306,ПЛАСТИЧНИ  ЛАЖИЦИ,15,бр.            ,,Има,15,18,
1307,ФЕФЕРОНИ 720ГР МАКСАП,88,бр.            ,,Има,88,5,
1308,ТРИК СТАПЧИЊА СО КИКИРИТКИ 120ГР,25,бр.            ,,Има,25,5,
1309,ТРИК СТАПЧИЊА СО КИКИРИТКИ 150ГР,30,бр.            ,,Има,30,5,
1310,ТРИК СОЛЕНИ СТАПЧИЊА 100 ГР,18,бр.            ,,Има,18,5,
1311,МАЈОНЕЗ ВИТАНЕЗ 235 ГР,51,бр.            ,,Има,51,5,
1312,ЧОРБАЏИСКА ПИПЕРКА 720ГР,60,бр.            ,,Има,60,5,
1313,КРЕМ ЛУНА ПРЕМИУМ,280,бр.            ,,Има,280,10,
1314,СЛАТКО ОД СМОКВИ,166,бр.            ,,Има,166,10,
1315,АЛПСКИ СЕТ 2 ЈОЈУРТА И КИСЕЛО,114,бр.            ,,Има,114,5,
1316,КЕНДИ НАТ ЧОКОЛАДО 1 КГ,235,бр.            ,,Има,235,5,
1317,ЕСМЕРАЛДА КИКИРИТКА-ПОРТОКАЛ,45,бр.            ,,Има,45,5,
1318,ЕСМЕРАЛДА ЧОКО-МЛЕЧНО,50,бр.            ,,Има,50,5,
1319,ХОПЛА 500МЛ,110,бр.            ,,Има,110,5,
1320,КЕНДИ НАТ,13,бр.            ,,Има,13,5,
1321,БРИШАЧИ ЛЕДА 2Х100,42,бр.            ,,Има,42,18,
1322,ТОАЛЕТ ЛЕДА 10/1 ДВА СЛОЈА,84,бр.            ,,Има,84,18,
1323,ЕУРОКРЕМ БЛОК 80ГР,33,бр.            ,,Има,33,5,
1324,РОКИ ПАРТИ МИКС 250ГР,52,бр.            ,,Има,52,5,
1325,СЕТ ПАРИЗЕР + НАРЕЗАК,140,бр.            ,,Има,140,5,
1326,ЧОКА МОКА 375 ГР,130,бр.            ,,Има,130,10,
1327,НОМ НОМ,20,бр.            ,,Има,20,5,
1328,ПИЛ ЏИГЕРИ 1 КГ,72,бр.            ,,Има,72,5,
1329,СЕНФ МИРАНА 350ГР,82,бр.            ,,Има,82,10,
1330,МАРАМИЦИ ГЛОС,50,бр.            ,,Има,50,18,
1331,МАСЛИНКА БЛОНД КОФИЧКА,115,бр.            ,,Има,115,5,
1332,ПАВЛАКА ПИПЕРКА 600 ГР,163,бр.            ,,Има,163,5,
1333,БОНБОНИ КАФЕ  РОШЕН1КГ,300,бр.            ,,Има,300,10,
1334,РОРАКС ЗА ОДВОД,47,бр.            ,,Има,47,18,
1335,КАДАИФ 400ГР,156,бр.            ,,Има,156,5,
1336,КОРИ ЗА БАКЛАВ И ПИТА,128,бр.            ,,Има,128,5,
1337,БРОНХИ 100 ГР,37,бр.            ,,Има,37,5,
1338,КИСЕЛО АЛПСКО МЛЕКО 500ГР,52,бр.            ,,Има,52,5,
1339,ШЕРИ ЕВРОПА БОНБОНЈЕРА,135,бр.            ,,Има,135,5,
1340,ТОПКА ФУДБАЛ,350,бр.            ,,Има,350,18,
1341,ЧАДОР ГОЛЕМ ,300,бр.            ,,Има,300,18,
1342,КРЕМ ЕУРОКРЕМ 500ГР,163,бр.            ,,Има,163,10,
1343,ПЕРФЕКС БРИШАЧ ЏАМБО 1/1,65,бр.            ,,Има,65,18,
1344,СУПА КОКОШЈА ПОДРАВКА,27,бр.            ,,Има,27,5,
1345,ЧАЈ ЗЕЛЕН 30ГР,39,бр.            ,,Има,39,10,
1346,ПАШТЕТА ЛОВАЧКА 50ГР,15,бр.            ,,Има,15,5,
1347,ПЕРСИЛ 6КГ,420,бр.            ,,Има,420,18,
1348,ПЕРСИЛ 4КГ,335,бр.            ,,Има,335,18,
1349,МАРАМИЦИ ВИП БЕЈБИ,65,бр.            ,,Има,65,5,
1350,ПЕРФЕКС 8/1 ПРЕМИУМ,125,бр.            ,,Има,125,18,
1351,ШОК ШОК,2,бр.            ,,Има,2,5,
1352,ЈОГУРТ ЈОКА 1Л,50,бр.            ,,Има,50,5,
1353,АЛБЕНИ 47ГР,17,бр.            ,,Има,17,5,
1354,ЦРВЕН ПИПЕР СИВ,36,бр.            ,,Има,36,5,
1355,БЕКУТАН КРЕМА 100МЛ,160,бр.            ,,Има,160,18,
1356,ХУЛАХОПКИ ЛА ДАМА,35,бр.            ,,Има,35,18,
1357,ФЕФЕРОНИ ФРОБИ 720ГР,92,бр.            ,,Има,92,5,
1358,"КНАЗ МИЛОШ 1,25",30,бр.            ,,Има,30,18,
1359,"МИРИНДА И ПЕПСИ 1,25",48,бр.            ,,Има,48,18,
1360,"ДЕА ВОДА 0,5 12/1",150,бр.            ,,Има,150,18,
1361,"КНАЗ МИЛОШ 0,5 ЛИМОН И ПОРТОКАЛ",30,бр.            ,,Има,30,18,
1362,ЧУДО 200ГР,99,бр.            ,,Има,99,5,
1363,ТУНА ХЕПИ 185ГР,75,бр.            ,,Има,75,5,
1364,"АЈРАН 0,5",30,бр.            ,,Има,30,5,
1365,ПАКЕТЧЕ  КУТИЈА,300,бр.            ,,Има,300,5,
1366,ФРАНЦУСКО ПИЛЕ,79,бр.            ,,Има,79,5,
1367,МИНИ МИХ БАНАТ 300 ГР,90,бр.            ,,Има,90,5,
1368,РЖАНО БРАШНО,42,бр.            ,,Има,42,5,
1369,МЕД 15ГР,8,бр.            ,,Има,8,5,
1370,АЛБУМ Ж.Ц,144,бр.            ,,Има,144,18,
1371,БРАШНО ИНТЕГРАЛНО Ж ЛУКС 1КГ,77,бр.            ,,Има,77,5,
1372,ВЕМИЛК МЕШАНО СИРЕЊЕ,288,кгр.           ,,Има,288,5,
1373,ЈОКА  КРАВЈО СИРЕЊЕ,414,кгр.           ,,Има,414,5,
1374,"УРДА ВЕМИЛК 0,800",115,бр.            ,,Има,115,5,
1375,ФИНИШ СОЛ,109,бр.            ,,Има,109,18,
1376,КРЕМ БАНАНКА 144гр,56,бр.            ,,Има,56,10,
1377,СОРИ 168ГР,155,бр.            ,,Има,155,10,
1378,ФОРТУНА  ПКБ 840ГР,155,бр.            ,,Има,155,5,
1379,ПОСЕБНА ПКБ 400ГР,49,бр.            ,,Има,49,5,
1380,БРАШНО ПОПОВИЧ 5КГ,155,бр.            ,,Има,155,5,
1381,ТУТКУ 126ГР,54,бр.            ,,Има,54,5,
1382,БАЛОН 1/10,28,бр.            ,,Има,28,18,
1383,СИРИУС,13,бр.            ,,Има,13,5,
1384,ЗАЧИН ЗА ПОМФРИТ,50,бр.            ,,Има,50,5,
1385,ВЕСЕЛИ ЈАЈЦА 120ГР,90,бр.            ,,Има,90,10,
1386,КУРКУМА 40ГР ВИТАМИНКА,50,бр.            ,,Има,50,5,
1387,ЛАЖИЦИ ПЛАСТИЧНИ 100/1,80,бр.            ,,Има,80,18,
1388,КОРИ ЗА ПИТА 360ГР,56,бр.            ,,Има,56,5,
1389,ТОПЧЕ СО ЛАСТИК,50,бр.            ,,Има,50,18,
1390,МЕТЛА СО ЛОПАТКА,110,бр.            ,,Има,110,18,
1391,ПАСКАЛИН ОБЕЛУВАЧ 400ГР,125,бр.            ,,Има,125,5,
1392,ПАНАГИЈА,15,бр.            ,,Има,15,5,
1393,МАЈ ХЕРО ТАБЛЕТИ25+5,150,бр.            ,,Има,150,18,
1394,СТАПЧИЊА ЗА РАЖНИЧ,28,бр.            ,,Има,28,18,
1395,ДАРЕ ,28,бр.            ,,Има,28,5,
1396,УРМИ 200 ГР,34,бр.            ,,Има,34,5,
1397,СУНГЕР ПЕРЕКС 3/1,82,бр.            ,,Има,82,18,
1398,ЧАЈНА ГОВЕДСКА СЛАЈС 100ГР,79,бр.            ,,Има,79,5,
1399,ПАКЕТЧЕ 150,150,бр.            ,,Има,150,5,
1400,ВИЛУШКИ,13,бр.            ,,Има,13,18,
1401,"СИЛАН  2,860",300,бр.            ,,Има,300,18,
1402,НАНЕ СУВО КИБЕЛА,13,бр.            ,,Има,13,10,
1403,"МЛЕКО ЛАЗАР 2,8",64,бр.            ,,Има,64,5,
1404,КОРПИЦИ ЗА СЛАТКИ,45,бр.            ,,Има,45,18,
1405,КРОСТАТА БИСКВИТА 370 ГР,95,бр.            ,,Има,95,5,
1406,БОНБОНИ ЦЕВИТАНА 70ГР,42,бр.            ,,Има,42,5,
1407,ГИЗИ КРЕКЕР 70ГР,24,бр.            ,,Има,24,5,
1408,ЧАЈ ЈАГОГДА АЛКАЛОИД,60,бр.            ,,Има,60,5,
1409,МЕРАК 200гр,47,бр.            ,,Има,47,18,
1410,САВЕКС КАПСУЛИ 14/1,215,бр.            ,,Има,215,18,
1411,КОРИ ЗА ТОРТА  700ГР,175,бр.            ,,Има,175,5,
1412,АМОРЕТИ ПРИНЦЕЗА,38,бр.            ,,Има,38,5,
1413,АМОРЕТИ РИЖИТА,10,бр.            ,,Има,10,5,
1414,ПЕЛИСТЕРКА ОБИЧНА 6/1,160,бр.            ,,Има,160,18,
1415,ПЕЛИСТЕРКА ГАЗИРАНА 6/1,180,бр.            ,,Има,180,18,
1416,ТАНГО ОСВЕЖУВАЧ,100,бр.            ,,Има,100,18,
1417,ПАШТЕТА МИК 150ГР,26,бр.            ,,Има,26,5,
1418,СИЈАЛИЦИ ОСРАМ ЛЕД 9В,75,бр.            ,,Има,75,18,
1419,СИЈАЛИЦИ ОСРАМ ЛЕД СВЕКА,108,бр.            ,,Има,108,18,
1420,ЧАРШАВИ ЗА МАСА,10,бр.            ,,Има,10,18,
1421,ПИЛ БАТАК 10КГ МОЈ ПАРК,1400,бр.            ,,Има,1400,5,
1422,АДИБЕЛ,28,бр.            ,,Има,28,5,
1423,ЛЕШНИК БАДЕМ ПЕЧЕН,60,бр.            ,,Има,60,10,
1424,"МЕРБА БРУСНИЦА 37,5ГР",24,бр.            ,,Има,24,5,
1425,КОКОЛИНО 2Л,150,бр.            ,,Има,150,18,
1426,КВИКИ ГРИЦ 50ГР,27,бр.            ,,Има,27,5,
1427,СИНАЛКО ЛИМОН ГАЗОЗА 4/1,105,бр.            ,,Има,105,18,
1428,"СИНАЛКО ОРАНЖ 1,5Л 4/1",120,бр.            ,,Има,120,18,
1429,"САНО ГАЗИРАН 1,5Л  4/1",109,бр.            ,,Има,109,18,
1430,ПАНГА ФИЛЕТИ,140,кгр.           ,,Има,140,5,
1431,ПЕРЕЦИ ФРИПЕК,25,бр.            ,,Има,25,5,
1432,МЕТЛА С-55,130,бр.            ,,Има,130,18,
1433,ЧАЈ ПЛАНИНСКИ ВИТАМ,28,бр.            ,,Има,28,5,
1434,"ПАНИРАНИ КРИЛЦА 0,5КГ",162,бр.            ,,Има,162,5,
1435,СУПА ВИТАМИНКА КОКОШЈА И ГОВЕДСКА,18,бр.            ,,Има,18,5,
1436,ПУТЕР ПРЕСИДЕНТ 200ГР,120,бр.            ,,Има,120,5,
1437,ПАНКО 3+1,16,бр.            ,,Има,16,5,
1438,ПЕПЕРМИНТ 500,115,бр.            ,,Има,115,5,
1439,КАРАМЕЛ 500ГР,91,бр.            ,,Има,91,5,
1440,САРДИНА МЕЏИК,29,бр.            ,,Има,29,5,
1441,ПЕТИТ БЕВИТА 680ГР,87,бр.            ,,Има,87,5,
1442,АТЛАНТИС 35ГР,20,бр.            ,,Има,20,5,
1443,ШПАГЕТИ СЕНТЕЛА 500ГР,29,бр.            ,,Има,29,5,
1444,КОЦКА ЗА СУПА ЗЕЛЕНЧУКОВА МАГИ,70,бр.            ,,Има,70,5,
1445,АРГЕТА ПИКАНТ,50,бр.            ,,Има,50,5,
1446,ЧАЈНА ГАВРИЛОВИЧ,537,кгр.           ,,Има,537,5,
1447,САЛАКИС 330ГР,176,бр.            ,,Има,176,5,
1448,САЛАКИС 770ГР,410,бр.            ,,Има,410,5,
1449,МАСЛИНКА ЗЕЛЕНА ОЛИВЕЛО 500ГР,190,бр.            ,,Има,190,5,
1450,МАСЛИНКА 550ГР ЦРНА СЕЛИА,145,бр.            ,,Има,145,5,
1451,"САЛАТА МИКС 2,5 кг",132,бр.            ,,Има,132,5,
1452,ВЛОШКИ ЗА ИНКОНТИН 40/1 ,145,бр.            ,,Има,145,18,
1453,ГУМЕНИ ЏЕЛЕМАНИЈА 70ГР,39,бр.            ,,Има,39,10,
1454,ЛОТУС 9КГ,450,бр.            ,,Има,450,18,
1455,ЈУНЕШКИ ДЕБЕЛ КОЛБАС,130,бр.            ,,Има,130,5,
1456,РИБИНИ ПРСТИ РЕФУС,210,кгр.           ,,Има,210,10,
1457,КНОПЕРС ,40,бр.            ,,Има,40,5,
1458,ШОГЕТЕН 100ГР,68,бр.            ,,Има,68,10,
1459,ПУКАНКИ ЗА МИКРО,22,бр.            ,,Има,22,5,
1460,ПЛИШЕНА ИГРАЧКА СКВИШ,150,бр.            ,,Има,150,18,
1461,СЕТ ПКБ МАРГАРИН + ВИРШЛА,135,бр.            ,,Има,135,5,
1462,ЦАРСКА МЕШАВИНА 1кг,75,бр.            ,,Има,75,5,
1463,"ВОДА АЛКАЛИНЕ 0,330",25,бр.            ,,Има,25,18,
1464,БРАШНО 25КГ,690,бр.            ,,Има,690,5,
1465,БРАШНО КАДИНО 2КГ,65,бр.            ,,Има,65,5,
1466,ВЛОШКИ УЛТРА КОТОН 10/1,104,бр.            ,,Има,104,5,
1467,ЧИСТАЧ НА ТЕПИХ,328,бр.            ,,Има,328,18,
1468,РОШЕН БАБЛ МЛЕЧНО,50,бр.            ,,Има,50,5,
1469,ПЕЧУРКИ РЕФУС,157,бр.            ,,Има,157,5,
1470,ПАВЛАКА 180 ГР,31,бр.            ,,Има,31,5,
1471,АРКО СЕТ ПЕНА + БАЛСАМ,235,бр.            ,,Има,235,18,
1472,БРАШНО БИТОЛСКО 1КГ,35,бр.            ,,Има,35,5,
1473,СОДА БИКАРБОНА ВИТАМ 1КГ,84,бр.            ,,Има,84,18,
1474,КАЛАМАТА 1 КГ,125,бр.            ,,Има,125,5,
1475,"МАСЛИНКА ЗЕЛЕНА БЕЗ СЕМКА 0,55",163,бр.            ,,Има,163,5,
1476,СВЕКИ ЗА РОДЕНДЕН БРОЈКА,25,бр.            ,,Има,25,18,
1477,ФИДЕ РИСКОСА 500ГР,69,бр.            ,,Има,69,5,
1478,СВИНСКИ ВРАТ МЕИН,88,бр.            ,,Има,88,5,
1479,БРАШНО БИТОЛСКО 5КГ,157,бр.            ,,Има,157,5,
1480,ПЕТИТ ДОРА 400ГР,36,бр.            ,,Има,36,5,
1481,"СЕМАНА 1,7Л",280,бр.            ,,Има,280,18,
1482,ПАВЛАКА НАТУРА,48,бр.            ,,Има,48,5,
1483,СОЛ СОМАТ,115,бр.            ,,Има,115,18,
1484,ХОПЛА САНИА 500 ГР,102,бр.            ,,Има,102,5,
1485,АМОРЕТИ СОНЈА,35,бр.            ,,Има,35,5,
1486,ЛИЛА ТЕЧЕН САПУН 1л,72,бр.            ,,Има,72,5,
1487,КРЕМ АМОРЕТИ 450ГР,80,бр.            ,,Има,80,5,
1488,СОМАТ СЈАЈ 750МЛ,175,бр.            ,,Има,175,18,
1489,ФИБО ЗАЧИН,25,бр.            ,,Има,25,5,
1490,СИЈАЛИЦИ ИСКРА,25,бр.            ,,Има,25,18,
1491,БАНАНИТА,56,бр.            ,,Има,56,5,
1492,ПЕРФЕКС 1/10 БЕБЕШКА ПУДРА,140,бр.            ,,Има,140,18,
1493,АБЦ ТЕЧЕН ДЕТЕРГЕНТ 3Л,320,бр.            ,,Има,320,18,
1494,ТЕСТЕНИНИ ИНДОМИ 2+1,34,бр.            ,,Има,34,5,
1495,МИРИНДА ПАКЕТ 6/1,270,бр.            ,,Има,270,18,
1496,ЖИТОМИР МИЛКИ ВЕЈ 200ГР БИСКВИТ,30,бр.            ,,Има,30,5,
1497,СВИНСКО КАРЕ ,440,бр.            ,,Има,440,5,
1498,СУНГЕР БЕСТ 10/1,40,бр.            ,,Има,40,18,
1499,"ЈОГУРТ ТЕТОВСКИ 1,5Л РОЗАВ",54,бр.            ,,Има,54,5,
1500,"ЈОГУРТ ТЕТОВСКИ 1,5Л ЗЕЛЕН",60,бр.            ,,Има,60,5,
1501,ПЕЗ БОНБОНИ,8,бр.            ,,Има,8,10,
1502,ДИП ЕН ГОУ,57,бр.            ,,Има,57,10,
1503,ЕКСТРИМ ПАРФЕМ ЛИМЕНКА,350,бр.            ,,Има,350,18,
1504,ПУКАНКИ ТАЗЕ,10,бр.            ,,Има,10,5,
1505,ТВИСТЕР ЈАГОДА,40,бр.            ,,Има,40,5,
1506,КЛИН СТАКЛО 750МЛ РЕФИЛ,33,бр.            ,,Има,33,18,
1507,АЛБЕНИ ЕКСТРА 170 ГР,75,бр.            ,,Има,75,5,
1508,БОРА КУЈНСКА ХАРТИЈА,182,бр.            ,,Има,182,18,
1509,"ВИВА 0,5",40,бр.            ,,Има,40,18,
1510,"ВИВА ЛИМОН И БОЗДЕЛ 1,5Л",55,бр.            ,,Има,55,18,
1511,"УЛКЕР ДИДО 36,5ГР",20,бр.            ,,Има,20,5,
1512,МЕТРО СО КИКИРИТКИ 36ГР,19,бр.            ,,Има,19,5,
1513,"МИЛКОС И ПКБ МЛЕКО 2,8",55,бр.            ,,Има,55,5,
1514,ТЕСТЕНИНИ БАНЕТИ 500ГР,39,бр.            ,,Има,39,5,
1515,МАСЛИНОВО МАСЛО 1л,210,бр.            ,,Има,210,5,
1516,"ПЕРВОЛ  1,5Л",205,бр.            ,,Има,205,18,
1517,ПЕЛЕНИ ЕВИ БЕЈБИ 5/46,413,бр.            ,,Има,413,5,
1518,СТРУМКА 6/1,240,бр.            ,,Има,240,18,
1519,ТОРТИНА 450ГР,107,бр.            ,,Има,107,5,
1520,ТОРТИНА 265ГР,72,бр.            ,,Има,72,5,
1521,СУНГЕР ПЕРФЕКС,18,бр.            ,,Има,18,18,
1522,ЈАДРАН 300 ГР,73,бр.            ,,Има,73,5,
1523,КРЕМ НУТИНИ 400ГР,95,бр.            ,,Има,95,10,
1524,ПАНДУФИ,100,бр.            ,,Има,100,18,
1525,КОЦКА ЗА КАЗАНЧЕ,50,бр.            ,,Има,50,18,
1526,СОЛ ЗА МАШИНА  МАЈ ХЕРО,99,бр.            ,,Има,99,18,
1527,ТАБЛЕТИ ДР ПРАКТИ 30+5,215,бр.            ,,Има,215,18,
1528,ПАВЛАКА ШТИПСКА 400,64,бр.            ,,Има,64,5,
1529,ПАНТЕН 400МЛ,160,бр.            ,,Има,160,18,
1530,МИЛЕНИУМ ЧОКОЛАДЦА,3,бр.            ,,Има,3,5,
1531,ПАСКАЛИН КЛАСИК 50ГР ЛИМЕНКА,80,бр.            ,,Има,80,18,
1532,"УРДА ТЕТОВСКА 0,700ГР",92,бр.            ,,Има,92,5,
1533,КАФЕ ЧИБО ЕКСПРЕСО,165,бр.            ,,Има,165,18,
1534,ЗАШТИТНИ МАСКИ,7,бр.            ,,Има,7,18,
1535,ПЕРСИЛ КАПСУЛИ 14/1,285,бр.            ,,Има,285,18,
1536,"НЕКТАР ЛАЈФ 0,5Л ПРАСКА",34,бр.            ,,Има,34,18,
1537,НЕКТАР ЈАБОЛКО И ПРАСКА 1л,55,бр.            ,,Има,55,18,
1538,"НЕКТАР ЛАЈФ 0,5Л ПОРТОКАЛ",38,бр.            ,,Има,38,18,
1539,ФРУКТАЛ   1Л,58,бр.            ,,Има,58,18,
1540,ЧЕТКА ЗА ТРИЕЊЕ С-05/50,220,бр.            ,,Има,220,18,
1541,АЈРАН 1Л,60,бр.            ,,Има,60,5,
1542,РИСКО 150ГР,59,бр.            ,,Има,59,5,
1543,ЏОНИ КРОКЕР ВАФЛИ,145,бр.            ,,Има,145,5,
1544,МЕДЕНИ КОЛАЧИЊА БЕЛИ 500ГР,110,бр.            ,,Има,110,10,
1545,ОВОШЕН ЈОГУРТ,20,бр.            ,,Има,20,10,
1546,КРИСТАЛ ЗЕЈТИН,138,бр.            ,,Има,138,5,
1547,КОРНИШОНИ 5КГ,155,бр.            ,,Има,155,5,
1548,КЕЧАП 5КГ,320,бр.            ,,Има,320,5,
1549,СЕНФ 250гр ВИТАМИНКА,90,бр.            ,,Има,90,10,
1550,МАЈОНЕЗ 3КГ,240,бр.            ,,Има,240,5,
1551,ПАВЛАКА БИТОЛСКА 700ГР,138,бр.            ,,Има,138,5,
1552,СТЕК ИНЕРФИЛЕ 1КГ,270,бр.            ,,Има,270,5,
1553,СЕТ КЕЧАП МАЈОНЕЗ МИРАНА,89,бр.            ,,Има,89,5,
1554,ЧИПС 160ГР СТИЗА,55,бр.            ,,Има,55,5,
1555,ЧИПС 20ГР СТИЗА,10,бр.            ,,Има,10,5,
1556,ДВОПЕК ШИТКАРСКИ,45,бр.            ,,Има,45,5,
1557,ВАФЕЛ КАКАО ПОСНА 180ГР,47,бр.            ,,Има,47,5,
1558,ПЕЛИСТЕРКА КОЛА 4/1,115,бр.            ,,Има,115,18,
1559,"БРАВО 1,5л",58,бр.            ,,Има,58,18,
1560,ДВОПЕК ЕЛИТ 125ГР,29,бр.            ,,Има,29,5,
1561,"ЛЕНОР 0,575",102,бр.            ,,Има,102,18,
1562,"ГАЗОЗА 1,25",40,бр.            ,,Има,40,18,
1563,ШАМПОН КИНИН 500МЛ,180,бр.            ,,Има,180,18,
1564,ШАМПОН 200МЛ КИНИН,110,бр.            ,,Има,110,18,
1565,КИКИРИТКА 100ГР БОН,20,бр.            ,,Има,20,5,
1566,КИКИРИТКА 500ГР БОН,80,бр.            ,,Има,80,5,
1567,КИКИРИТКА 350ГР БОН,68,бр.            ,,Има,68,5,
1568,ПЕЧУРКИ ТЕГЛА ЦЕЛИ,116,бр.            ,,Има,116,10,
1569,ЛИЛА ТЕЧЕН ДЕТЕРГЕНТ 2Л,190,бр.            ,,Има,190,18,
1570,ЛИЛА ЗА СТАКЛО 750МЛ ПУМПА,70,бр.            ,,Има,70,18,
1571,ТОФИФИ 125ГР,100,бр.            ,,Има,100,5,
1572,МАРАМИЦИ ЛИЛА,65,бр.            ,,Има,65,18,
1573,ГУЛАШ ПЕКАБЕСКО 200ГР,78,бр.            ,,Има,78,5,
1574,ПЕКАБЕТА 95ГР,33,бр.            ,,Има,33,5,
1575,БАВАРСКО КОЛАЧЕ,30,бр.            ,,Има,30,5,
1576,ЗОТТ ОВОШЕН ЈОГУРТ 400ГР,52,бр.            ,,Има,52,5,
1577,КЕЈК ОВОШЕН 300ГР ВИНЧИНИ,93,бр.            ,,Има,93,5,
1578,КАПУЧИНО ЛАФЕСТА 100ГР,44,бр.            ,,Има,44,5,
1579,"ПЕЛИСТЕРКА 0,5",20,бр.            ,,Има,20,18,
1580,ФАРБА ЗА КОСА ФЛИРТ,95,бр.            ,,Има,95,18,
1581,МЛЕКО ДУКАТ И ЗДРАВЈЕ,70,бр.            ,,Има,70,5,
1582,ПАСКАЛИН 3 ВО 1,7,бр.            ,,Има,7,5,
1583,"БИТОЛСКО МЛЕКО 2,8 1/2",140,бр.            ,,Има,140,5,
1584,ПИЛ КОПАН 2 КГ,116,кгр.           ,,Има,116,5,
1585,"КВАТРО ЏУС 1,5Л",40,бр.            ,,Има,40,18,
1586,ЖИТОМИР 250ГР КОКОС,108,бр.            ,,Има,108,10,
1587,КОЛБАС НЈЕГОШКИ,340,бр.            ,,Има,340,5,
1588,ТУНА АГРИКО 80 гр,28,бр.            ,,Има,28,5,
1589,ТОАЛЕТ АЛЕГРА 10/1,145,бр.            ,,Има,145,18,
1590,"ХЕРО 0,9МЛ",90,бр.            ,,Има,90,18,
1591,СРЕДСТВО ЗА СТАКЛО 5Л,300,бр.            ,,Има,300,18,
1592,БАКАЛАР,570,кгр.           ,,Има,570,5,
1593,ПРОЛЕТНА МАГИ,30,бр.            ,,Има,30,5,
1594,МЕЛЕНО МЕСО СТОЧАР,132,бр.            ,,Има,132,5,
1595,ВЕРОНА 180г,45,бр.            ,,Има,45,5,
1596,БОН ПАРТИ МИКС 90ГР,30,бр.            ,,Има,30,10,
1597,КИНОА,316,кгр.           ,,Има,316,5,
1598,АБЦ 9КГ ,700,бр.            ,,Има,700,18,
1599,ДАМИНА ТЕЧЕН ПРАШОК 3Л,200,бр.            ,,Има,200,18,
1600,ПИКАНТ ФИКС,30,бр.            ,,Има,30,5,
1601,КОНФЕТО 1КГ,257,бр.            ,,Има,257,5,
1602,НЕКТАР ЛАЈФ ЈАБОЛКА 1Л,54,бр.            ,,Има,54,18,
1603,НЕКТАР ЛАЈФ 1Л ПОРТОКАЛ,72,бр.            ,,Има,72,18,
1604,ЧОКО КИДС 15ГР,8,бр.            ,,Има,8,5,
1605,ДЕЗОДОРАНС БЛЕЈД,115,бр.            ,,Има,115,18,
1606,"ФАКС 3,5",233,бр.            ,,Има,233,18,
1607,БЕЈК РОЛС,44,бр.            ,,Има,44,5,
1608,ЧАЈ БРУСНИЦА ЈУМИС,49,бр.            ,,Има,49,5,
1609,СОС ЧИЛИ 300МЛ,66,бр.            ,,Има,66,5,
1610,СОС КАРИ 300МЛ,78,бр.            ,,Има,78,5,
1611,СОС ЦЕЗАР 330МЛ,198,бр.            ,,Има,198,10,
1612,ЛОТУС 3КГ,175,бр.            ,,Има,175,18,
1613,СОС ЗА ТЕСТЕНИНИ 370МЛ,72,бр.            ,,Има,72,5,
1614,ТОШИБА 6/1 БАТЕРИЈА,60,бр.            ,,Има,60,18,
1615,КИСЕЛО МЛЕКО ЗДРАВЈЕ,33,бр.            ,,Има,33,5,
1616,ПЕРСИЛ КАПСУЛИ 66 БР,1100,бр.            ,,Има,1100,18,
1617,"ПЕПСИ 1,5л 6/1",300,бр.            ,,Има,300,18,
1618,РИВАЛ 500 ГР,160,бр.            ,,Има,160,18,
1619,СОНЧОГЛЕД БЕЛ ПЕЧЕН 200ГР,25,бр.            ,,Има,25,10,
1620,МОЦАРЕЛА,78,бр.            ,,Има,78,5,
1621,МЕЛЕНО ЈУНЕШКО БДА,275,кгр.           ,,Има,275,5,
1622,"СИЛАН 1,672",220,бр.            ,,Има,220,18,
1623,АВАКС АНТИБАКТЕРИСКО,60,бр.            ,,Има,60,18,
1624,КРЕМ РД 500ГР,65,бр.            ,,Има,65,5,
1625,ПУТЕР ХОЧЕ ГЕРМАНСКИ 200ГР,95,бр.            ,,Има,95,5,
1626,ПЛЕШКА СВИНСКА ,270,кгр.           ,,Има,270,5,
1627,ХАРТИЈА ЗА ПЕЧЕЊЕ 40СМ,60,бр.            ,,Има,60,18,
1628,АБЦ ОМЕКНУВАЧ И УНИВЕРЗАЛНО 2Л,180,бр.            ,,Има,180,18,
1629,МЕРАК 2Х200 + 100,100,бр.            ,,Има,100,18,
1630,"ПЕРСИЛ 5,4КГКОМПАКТ СО КОРПА",770,бр.            ,,Има,770,18,
1631,ЧОКОЛАДЕН КАЛЕНДАР 75ГР,86,бр.            ,,Има,86,5,
1632,ПАСТРМКА,400,кгр.           ,,Има,400,5,
1633,КАРНЕКС 150ГР,43,бр.            ,,Има,43,5,
1634,ЗЛАТЕН ПЕК 1КГ,88,бр.            ,,Има,88,5,
1635,ПУТЕР ОСОГОВСКИ 500ГР,230,бр.            ,,Има,230,5,
1636,КАЈСИЈА СУВА,83,бр.            ,,Има,83,5,
1637,ФРИПЕТИ,20,бр.            ,,Има,20,5,
1638,БОН КАФЕ 200+100 ФИЛЏАН,89,бр.            ,,Има,89,18,
1639,СЕТ 300,89,бр.            ,,Има,89,18,
1640,ПЕРФЕКС БРИШАЧ МУЛТИ 3 СЛОЈА,100,бр.            ,,Има,100,18,
1641,ПИРЕ БЛАНКО 120ГР,28,бр.            ,,Има,28,10,
1642,"ЕВИНА 1,5 Л",22,бр.            ,,Има,22,18,
1643,ЕВИНА НЕГАЗИРАНА 6/1,130,пакет          ,,Има,130,18,
1644,ЕВИНА 6 Л ТУБА,46,бр.            ,,Има,46,18,
1645,"ЕВИНА  И  ФРУТИНО 0,5",15,бр.            ,,Има,15,18,
1646,ПАСТРАМАЈЛИЈА СВИНСКА,65,бр.            ,,Има,65,5,
1647,ПАСТРАМАЈЛИЈА ПИЛЕШКА,60,бр.            ,,Има,60,5,
1648,ЗАТВОРЕНА ПИЦА И КАПРИЧИОЗА,60,бр.            ,,Има,60,5,
1649,ТАРАНА МАРЧЕЛА 450ГР,73,бр.            ,,Има,73,5,
1650,ТЕСТО ЗА ПИЦА,32,бр.            ,,Има,32,5,
1651,МОЛФИ 40БР,133,бр.            ,,Има,133,5,
1652,ЕВИНА ГАЗИРАНА 6/1,130,бр.            ,,Има,130,18,
1653,КАДАИФ 500ГР,150,бр.            ,,Има,150,5,
1654,"ФРУТИНО 1,5Л",25,бр.            ,,Има,25,18,
1655,ЕВРИ ДЕЈ + СЕКОЈДНЕВНИ,208,бр.            ,,Има,208,5,
1656,ФРУКТАЛ АРОНИЈА 1Л,59,бр.            ,,Има,59,18,
1657,МАГДОНОС КИБЕЛА,10,бр.            ,,Има,10,5,
1658,МАРАМИЦИ БЕЛУКС 120/1,75,бр.            ,,Има,75,5,
1659,ПЛАЗМА 600ГР,186,бр.            ,,Има,186,5,
1660,"ПЕРОС 1,5КГ",122,бр.            ,,Има,122,18,
1661,"ПЕРОС 4,5 КГ",280,бр.            ,,Има,280,18,
1662,САПУН ТЕО 70ГР,20,бр.            ,,Има,20,18,
1663,НОВЕЛА ТЕЧЕН ДЕТЕРГЕНТ,164,бр.            ,,Има,164,18,
1664,ПЕРФЕТО ГРАШОК И МОРКОВ,50,бр.            ,,Има,50,5,
1665,ПЕРФЕТО ГРАШОК И МОРКОВ,50,бр.            ,,Има,50,5,
1666,ТОСТ ШУНКА,160,бр.            ,,Има,160,5,
1667,НАРОДЕН КОЛБАС 300ГР,65,бр.            ,,Има,65,5,
1668,ОРС ЗА ПОД,70,бр.            ,,Има,70,18,
1669,ТУНА АГРИКО 170 ГР,58,бр.            ,,Има,58,5,
1670,ВИРШЛА 800ГР ПКБ,77,бр.            ,,Има,77,5,
1671,АЛУ ТОРТИЛЈА,117,бр.            ,,Има,117,5,
1672,"ПЛЕЖЕР 0,5",54,бр.            ,,Има,54,5,
1673,"ПОМФРИТ 0,5 КГ",50,бр.            ,,Има,50,5,
1674,ЛЕПИЊА,65,бр.            ,,Има,65,5,
1675,АЛВА СО КИКИРИКИ 270ГР,60,бр.            ,,Има,60,5,
1676,АРИЕЛ 5КГ,650,бр.            ,,Има,650,18,
1677,ОЦЕТ 900МЛ ОЦЕТКО,32,бр.            ,,Има,32,5,
1678,УЛТРА МИНИ ПЛУС СЕКОЈДНЕВНИ,45,бр.            ,,Има,45,18,
1679,МЕРАК 240гр,80,бр.            ,,Има,80,18,
1680,ГУМЕНИ БОНБОНИ 80гр,20,бр.            ,,Има,20,10,
1681,БОРАНИЈА 450гр,54,бр.            ,,Има,54,5,
1682,ХАЛЕЈ РУЛО 240ГР,105,бр.            ,,Има,105,5,
1684,ОБЛАЧИНЈА  450ГР,100,бр.            ,,Има,100,5,
1688,ТЕГЛИ,14,бр.            ,,Има,14,18,
1689,НАЈЛЕПШЕ ЖЕЛБЕ 90ГР,72,бр.            ,,Има,72,5,
1690,ЈУХУ НОИСЕТ 80ГР,30,бр.            ,,Има,30,5,
1695,ПЕКАРСКИ КОМПИР 750ГР,80,бр.            ,,Има,80,5,
1696,МЕНТОС БОНБОНИ,25,бр.            ,,Има,25,5,
1697,ОЛИВЕР ПРАШОК 4КГ,230,бр.            ,,Има,230,18,
1698,ЕФЕКТ ПАРФЕМ,250,бр.            ,,Има,250,18,
1699,"КРАЛИ МАРКО 1,5Л 6/1",540,бр.            ,,Има,540,18,
1700,МАРГАРИН ДОБРО ЈУТРО 2X500ГР,170,бр.            ,,Има,170,5,
1701,ЧАША МАЛА 100/1,70,бр.            ,,Има,70,18,
1702,МАРМАЛАД ШИПКА,96,бр.            ,,Има,96,5,
1705,ЕКСТРИМ СЕТ 2/1,310,бр.            ,,Има,310,18,
1706,ЕКСТРИМ ДИВАЈН СЕТ,240,бр.            ,,Има,240,18,
1707,ЕКСТРИМ СЕТ+НЕСЕСЕР,550,бр.            ,,Има,550,18,
1708,СЕТ ЕКСТРИМ + ЛОСИОН,460,бр.            ,,Има,460,18,
1710,СЕТ ПАРФЕМ СО ЧЕТКА,250,бр.            ,,Има,250,18,
1711,ЧОКО ЗАЈЧЕ,150,бр.            ,,Има,150,5,
1712,ЧОКО ПАТЧЕ,97,бр.            ,,Има,97,5,
1713,ЧОКО ФИГУРИ ВО КОШНИЦА,220,бр.            ,,Има,220,5,
1714,БРИЛИЈАНТ 5 Л,491,бр.            ,,Има,491,5,
1715,ПЛЕСКАВИЦА КЕБАП СТОЧАР,162,кгр.           ,,Има,162,5,
1716,МАЈОНЕЗ ВИТАНЕЗ 260ГР ДОЈПАК,63,бр.            ,,Има,63,10,
1717,ПЛАНИНСКИ ЛЕБ 500ГР,55,бр.            ,,Има,55,5,
1718,"КРАЛИ МАРКО 0,5 ЛИМЕНКА",50,бр.            ,,Има,50,18,
1719,"ЗЛАТЕН ДАБ 0,5 ЛИМЕНКА",55,бр.            ,,Има,55,18,
1720,"КРАЛИ МАРКО 1,5Л",95,бр.            ,,Има,95,18,
1721,"ТУБОРГ 0,5 ЛИМЕНКА",60,бр.            ,,Има,60,18,
1722,ЕНЕРЏИ КИНГ,25,бр.            ,,Има,25,18,
1723,ДАБ ЛИМЕНКА 6/1,300,бр.            ,,Има,300,18,
1724,"ЈЕЛЕН 0,5Л",65,бр.            ,,Има,65,18,
1725,"ТУБОРГ 0,5 СТАКЛО",85,бр.            ,,Има,85,18,
1726,"СТАРОПРАМЕН 0,5Л ",60,бр.            ,,Има,60,18,
1727,"ЈЕЛЕН 0,5 ЛИМЕНКА",55,бр.            ,,Има,55,18,
1728,"БЕКС 0,5Л",65,бр.            ,,Има,65,18,
1729,"КАМЕНИЦА 0,5Л",42,бр.            ,,Има,42,18,
1730,ДАМЛА  САПУН 100г,23,бр.            ,,Има,23,18,
1732,"КАМЕНИЦА 0,5 6/1",240,бр.            ,,Има,240,18,
1733,ЛЕБ 7 СЕМИЊА,75,бр.            ,,Има,75,5,
1734,ХАРИНГА 1КГ,110,бр.            ,,Има,110,5,
1735,"ЈЕЛЕН 8/1 0,5Л",493,бр.            ,,Има,493,18,
1736,СТАРОПРАМЕН 4/1,220,пакет          ,,Има,220,18,
1737,КРАЛИ МАРКО 4/1,200,пакет          ,,Има,200,18,
1738,ЗА СЕКУНДАРНА ПОЗИЦИЈА БАМБИ 10 2022,590,бр.            ,,Има,590,18,
1739,СЕПТОНА  ДИСКОВИ 120+80,130,бр.            ,,Има,130,18,
1740,САЛАКИС ФЕТА,137,бр.            ,,Има,137,10,
1741,МАЈХЕРО ТАБЛЕТИ ЗА САДОВИ 80+20,560,бр.            ,,Има,560,18,
1742,ПИРОШКИ,112,бр.            ,,Има,112,5,
1743,МИЛ АБРАЗИВ,61,бр.            ,,Има,61,18,
1745,СВИНСКИ БУТКИЦИ,205,кгр.           ,,Има,205,5,
1746,РАКИЈА БЕЛА И ЖОЛТА ДУНЈА,800,бр.            ,,Има,800,18,
1749,ПУДИНГ ПАСТЕЛА ЧОКОЛАДО,17,бр.            ,,Има,17,5,
1750,ТУБОРГ 6/1,295,бр.            ,,Има,295,18,
1751,ЧЕРЕЗОС ПЧЕНКА,15,бр.            ,,Има,15,10,
1752,ПАТОС 20ГР,15,бр.            ,,Има,15,10,
1753,"БЕКС 0,33",45,бр.            ,,Има,45,18,
1754,"БЕКС 0,5 ЛИМЕНКА 4/1",260,бр.            ,,Има,260,18,
1755,НОВОГОДИШНИ СМОКИ,10,бр.            ,,Има,10,10,
1757,ЛОКУМ СУЛТАН ТУРСКИ,200,бр.            ,,Има,200,10,
1758,ДР ГЕРАРД ЈУПИ 205ГР,86,бр.            ,,Има,86,5,
1759,КРЕМ ФИТ ПРОТЕИН,135,бр.            ,,Има,135,10,
1760,"ПИВО ХЕФЕ ВАЈС 0,5",35,бр.            ,,Има,35,18,
1761,"ОРИГИНАЛ ЛАГЕР И ДУФ 0,5",40,бр.            ,,Има,40,18,
1762,ВРЕКИ ЗА ГУБРЕ 250Л,75,бр.            ,,Има,75,18,
1763,ВРЕКИ ЗА ГУБРЕ 50Л,28,бр.            ,,Има,28,18,
1764,ПИЦА ИТАЛИЈАНА,15,бр.            ,,Има,15,5,
1765,СЈАЈ ДОМАНА 5л,170,бр.            ,,Има,170,18,
1766,СЈАЈ ДОМАНА 10 л,300,бр.            ,,Има,300,18,
1767,САПУН ЕВА 5л,195,бр.            ,,Има,195,18,
1768,АВТОГЛАС 5л,180,бр.            ,,Има,180,18,
1769,ФИДЕ МИСКО,90,бр.            ,,Има,90,5,
1770,"АЛПСКО 2,8",65,бр.            ,,Има,65,5,
1771,СОМАТ РЕФУС,10,бр.            ,,Има,10,18,
1772,КАШКАВАЛ ГАУДИНО 400ГР,159,бр.            ,,Има,159,5,
1773,"МЛЕКО ЈОКА 2,8",64,бр.            ,,Има,64,5,
1774,АКТ,450,бр.            ,,Има,450,18,
1775,РОКИ ПАРТИ МИКС 35GR,10,бр.            ,,Има,10,5,
1776,ГОРСКА ВОДА 6/1,150,пакет          ,,Има,150,18,
1777,"ГОРСКА ВОДА 1,5Л",25,бр.            ,,Има,25,18,
1778,РОЛАТ 300ГР ВИНЧИНИ,66,бр.            ,,Има,66,5,
1779,ЧАЈНИ БИСКВИТИ 800ГР ДОНИА,127,бр.            ,,Има,127,5,
1780,ТОРТИЦИ ДОЛЧЕЗА 180ГР,50,бр.            ,,Има,50,5,
1781,ТОРТА 400ГР ВИНЧИНИ,135,бр.            ,,Има,135,5,
1782,ШТРУДЛА 240ГР ВИНЧИНИ,69,бр.            ,,Има,69,5,
1783,ПЕТИТ БЕР 800ГР ВИНЧИНИ,126,бр.            ,,Има,126,5,
1784,ПЕТИТ БЕР 400ГР ВИНЧИНИ,60,бр.            ,,Има,60,5,
1785,СВЕКИ,2,бр.            ,,Има,2,18,
1786,КРЕМ ЧОКОЛА 400ГР ВИНЧИНИ,115,бр.            ,,Има,115,10,
1787,ОРС АБРАЗИВ,77,бр.            ,,Има,77,18,
1788,ЛАНЕ ОМЕКНУВАЧ 5л,320,бр.            ,,Има,320,18,
1789,ЈЕЛЕН 24/1 ПАКЕТ,1320,бр.            ,,Има,1320,18,
1790,КРПА ЗА ЏОГЕР РЕЗЕРВА Е-10,100,бр.            ,,Има,100,18,
1791,СТАП ЗА ЏОГЕР,40,бр.            ,,Има,40,18,
1792,МЕТЛА ,100,бр.            ,,Има,100,18,
1793,ЛОПАТКА ЗА ОТПАД,40,бр.            ,,Има,40,18,
1794,ЏОГЕР СО КОФА СО МЕХАНИЗАМ,500,бр.            ,,Има,500,18,
1795,КОФА ЗА ЏОГЕР,140,бр.            ,,Има,140,18,
1796,ЏОГЕР СО РЕСИ,110,бр.            ,,Има,110,18,
1797,ЏОГЕР ПАРКЕТАРКА Д-12,165,бр.            ,,Има,165,18,
1798,ЏОГЕР ПАРКЕТАРКА Д-11,180,бр.            ,,Има,180,18,
1799,"ДОБРА ВОДА АКТИВ И ВЕЛНЕС 1,5Л",60,бр.            ,,Има,60,18,
1800,"ДОБРА ВОДА АКТИВ И ВЕЛНЕС 0,5",35,бр.            ,,Има,35,18,
1801,"ЛАДНА ВОДА 1,5Л",30,бр.            ,,Има,30,18,
1802,"ЛАДНА И ДОБРА ВОДА 1,5Л 6/1",165,бр.            ,,Има,165,18,
1803,КРЕМА ЗА ЛИЦЕ И ТЕЛО ИЛИРИЈА 150МЛ,135,бр.            ,,Има,135,18,
1804,КРЕМА ЗА РАЦЕ ИЛИРИЈА 50МЛ,90,бр.            ,,Има,90,18,
1805,ЛИДЕРА ДЕЗОДОРАНСКА КРЕМА,165,бр.            ,,Има,165,18,
1806,ШАМПОН ИЛИРИЈА 230МЛ,100,бр.            ,,Има,100,18,
1807,"ТЕЧЕН ДЕТЕРГЕНТ ЛЕКС 1,1Л",152,бр.            ,,Има,152,18,
1808,ОМЕКНУВАЧ АЛВИНА 1700МЛ,213,бр.            ,,Има,213,18,
1809,"ПИЛ КОПАН 2,5кг",300,бр.            ,,Има,300,5,
1810,ВЛОШКИ ИНКО ЕКСТРА,190,бр.            ,,Има,190,5,
1811,ХРАНА ЗА КУЧЕ МАЧЕ 10кг,700,бр.            ,,Има,700,18,
1812,"КАРПАЧКИ 0,44Л",35,бр.            ,,Има,35,18,
1813,ПЕРФЕКС 10/3 ТРОСЛОЕН,52,бр.            ,,Има,52,18,
1814,ПЕРФЕКС 8+2 ПРАСКА,64,бр.            ,,Има,64,18,
1815,JAJCA L СО КАСЕТКИ,221,бр.            ,,Има,221,5,
1816,JAJCA XL СО КАСЕТКИ,236,бр.            ,,Има,236,5,
1817,АКЦИЈА 3+1,160,бр.            ,,Има,160,18,
1818,КРАВЈО СИРЕЊЕ САЛАКИС 300г,127,бр.            ,,Има,127,5,
1819,ФУДГЕНТА КАРАМЕЛА 785г,210,кгр.           ,,Има,210,10,
1820,ФЕРИ 1Л,144,бр.            ,,Има,144,18,
1821,ЈАЈЦА 10/1 М,68,бр.            ,,Има,68,5,
1822,СИЈАЛИЦИ ВОЛТА,15,бр.            ,,Има,15,18,
1823,ДАФИНКА 5КГ,660,бр.            ,,Има,660,10,
1824,ЗАМРЗНАТА СЛАНИНА БЕЗ КОЖА,372,бр.            ,,Има,372,5,
1825,ИНДОМИ СУПЕР ПИЛЕШКО 10*75г,155,бр.            ,,Има,155,10,
1826,РОКИ СИЛЕНИ СТАПЧИЊА  50 г,9,бр.            ,,Има,9,5,
1827,РОКИ СОЛЕНИ СТАПЧИЊА 250г,40,бр.            ,,Има,40,5,
1828,"АБЦ ТЕЧЕН ДЕТЕРГЕНТ 2,7",297,бр.            ,,Има,297,18,
1829,ПАШТЕТА ГАВРИЛОВИЧ,38,бр.            ,,Има,38,5,
1830,РОНДО КЕЈК 400ГР ВИНЧИНИ,107,бр.            ,,Има,107,5,
1831,СТИКСИС ВАФЕЛ 250ГР ВИНЧИНИ,83,бр.            ,,Има,83,5,
1832,ВАНИЛЛИ 240ГР ВИНЧИНИ,69,бр.            ,,Има,69,5,
